"0","set.seed(opt.seed)"
"0","bio.som<-som(data.trn.sc, grid=somgrid(somx,somy, ""rectangular""), "
"0","             rlen=5000, dist.fcts=""euclidean"", mode=""online"","
"0","             alpha=c(0.05,0.01)) #learning parameter alpha"
"0","print(summary(bio.som))"
"1","SOM of size "
"1","4"
"1","x"
"1","3"
"1"," with a "
"1","rectangular"
"1"," topology and a "
"1","bubble"
"1"," neighbourhood function."
"1","
The number of data layers is "
"1","1"
"1","."
"1","
Distance measure(s) used: "
"1","euclidean"
"1","."
"1","
Training data included:"
"1"," "
"1","500"
"1"," "
"1","objects."
"1","
Mean distance to the closest unit in the map: "
"1","2.295"
"1","."
"1","
"
"1","NULL
"
