{"chunk_definitions":[{"chunk_id":"csetup_chunk","chunk_label":"Dependencies","document_id":"40F99690","expansion_state":0,"options":{"engine":"r","label":"Dependencies","message":false,"warning":false},"row":20,"row_count":1,"visible":true},{"chunk_id":"cycnusm2q9a0d","chunk_label":"sommix","document_id":"59270158","expansion_state":0,"options":{"engine":"r","label":"sommix","message":false,"warning":false},"row":25,"row_count":1,"visible":true},{"chunk_id":"ccan5f940i0oo","chunk_label":"data2","document_id":"40F99690","expansion_state":0,"options":{"engine":"r","label":"data2","message":false,"warning":false},"row":30,"row_count":1,"visible":true},{"chunk_id":"cr2i96w4on9w7","chunk_label":"datasumm","document_id":"40F99690","expansion_state":0,"options":{"echo":true,"engine":"r","label":"datasumm"},"row":53,"row_count":1,"visible":true},{"chunk_id":"c7pm7qr2qw11x","chunk_label":"datatrn","document_id":"40F99690","expansion_state":0,"options":{"echo":false,"engine":"r","label":"datatrn"},"row":60,"row_count":1,"visible":true},{"chunk_id":"cjk9rogj81wii","chunk_label":"vareval","document_id":"40F99690","expansion_state":0,"options":{"echo":true,"engine":"r","label":"vareval"},"row":66,"row_count":1,"visible":true},{"chunk_id":"ck255jf1w6byg","chunk_label":"coreval","document_id":"40F99690","expansion_state":0,"options":{"echo":true,"engine":"r","label":"coreval"},"row":74,"row_count":1,"visible":true},{"chunk_id":"cwk5f14ol5lgc","chunk_label":"datascale","document_id":"40F99690","expansion_state":0,"options":{"echo":true,"engine":"r","label":"datascale"},"row":83,"row_count":1,"visible":true},{"chunk_id":"c8giu27i2dh5i","chunk_label":"pcaeval","document_id":"40F99690","expansion_state":0,"options":{"echo":true,"engine":"r","label":"pcaeval"},"row":90,"row_count":1,"visible":true},{"chunk_id":"cemm3mm296chs","chunk_label":"grpeval","document_id":"40F99690","expansion_state":0,"options":{"echo":true,"engine":"r","label":"grpeval"},"row":97,"row_count":1,"visible":true},{"chunk_id":"cywpqy1itlxu8","chunk_label":"mapsize","document_id":"59270158","expansion_state":0,"options":{"echo":true,"engine":"r","label":"mapsize"},"row":105,"row_count":1,"visible":true},{"chunk_id":"ckzlk2dshuo0t","chunk_label":"somseed","document_id":"59270158","expansion_state":0,"options":{"echo":true,"engine":"r","label":"somseed"},"row":116,"row_count":1,"visible":true},{"chunk_id":"ccz9m2xfelax0","chunk_label":"biosom","document_id":"59270158","expansion_state":0,"options":{"echo":true,"engine":"r","label":"biosom"},"row":127,"row_count":1,"visible":true},{"chunk_id":"c830nkelptbz3","chunk_label":"somsumm","document_id":"59270158","expansion_state":0,"options":{"echo":true,"engine":"r","label":"somsumm"},"row":136,"row_count":1,"visible":true},{"chunk_id":"c2xjd0t0wz2jt","chunk_label":"somplots","document_id":"59270158","expansion_state":0,"options":{"echo":true,"engine":"r","label":"somplots"},"row":142,"row_count":1,"visible":true},{"chunk_id":"cmfdtulmu5d0h","chunk_label":"somfitplots","document_id":"59270158","expansion_state":0,"options":{"echo":true,"engine":"r","label":"somfitplots"},"row":147,"row_count":1,"visible":true},{"chunk_id":"cl3bjiyhljc2r","chunk_label":"expmet","document_id":"59270158","expansion_state":0,"options":{"echo":true,"engine":"r","label":"expmet"},"row":157,"row_count":1,"visible":true}],"chunk_rendered_width":700,"doc_write_time":1600452966}