Obs,y,x1,x2,x3,x4,x5,x6,x7,x8,x9,x10,x11,x12,x13,x14,z1,z2,z3
1,3.35244,0.48719,-2.81309,-0.15955,0.95293,-0.83727,-0.00003,0.974,2.13765,1.39604,3.56099,4.26839,0.45545,0.72929,0.5765,0.98552,8.695,0
2,3.69033,0.82919,-2.55938,2.68266,3.77467,1.8132,1.91995,1.1852,2.66005,0.96977,2.71796,4.95887,0.60921,0.52988,1.9618,3.71546,43.606,0
3,3.57359,0.95442,-1.6866,0.90617,1.53099,-0.52228,0.66634,0.91016,2.79356,1.77319,3.60018,6.34345,0.52247,0.2881,1.51987,-0.26049,35.179,0
4,4.08506,0.44262,-2.32889,2.87066,3.69266,2.23544,0.96392,0.45412,4.38613,0.45019,3.3909,5.23588,-0.13227,-0.15786,1.29478,3.50177,53.85,0
5,4.32196,0.9032,-2.64624,1.85611,2.66537,0.66575,1.22047,2.13394,3.25436,1.68486,3.35262,5.76463,0.71263,0.86847,1.49974,2.48495,46.692,0
6,4.48195,2.19892,-2.82971,2.77514,3.93696,1.15633,1.15479,1.33877,1.6514,1.21884,2.65061,5.38122,0.46648,0.45505,1.0993,3.25059,33.677,0
7,4.11118,1.44217,-2.0668,-0.44152,1.06855,-1.18987,-0.49673,1.9463,2.33444,1.82621,2.60963,4.51185,0.94857,0.92499,1.26078,0.81249,-18.451,0
8,5.23511,0.50802,-1.51577,1.76602,3.09975,1.79495,3.08032,1.96091,4.1271,2.17354,2.95646,5.12914,1.11314,1.08178,1.70031,2.61589,22.431,0
9,4.52648,1.75296,-0.46775,1.15561,2.09655,0.32794,1.48212,1.44107,3.35459,2.01146,3.12997,5.65347,0.80335,0.96537,1.0525,-1.0886,11.971,0
10,5.1991,1.28742,-3.28599,4.14957,5.27133,4.21958,1.54877,2.12479,3.55271,1.95035,3.30014,6.0881,0.79438,0.66607,2.44387,3.46236,87.321,0
11,4.22686,0.72066,-1.61679,0.54705,1.26133,-0.73083,1.06993,1.66801,2.27418,1.64802,3.95142,5.79668,0.40933,0.49477,1.12523,3.38428,23.719,0
12,4.63149,1.27988,-1.45042,2.03279,3.14985,1.93415,3.37317,1.93358,3.91418,1.94055,3.75888,5.89299,0.58177,0.73685,1.98189,1.99304,64.606,0
13,4.79631,1.99034,-2.24715,3.1587,4.05856,1.78769,1.53551,1.59283,4.17715,1.73185,2.24733,4.70887,0.44296,0.47264,2.60637,2.68255,52.723,0
14,3.01921,2.10389,-0.74525,-1.40649,-0.29976,-1.74484,0.1013,1.97434,1.19506,2.9787,2.54319,4.28379,1.48251,1.64925,0.87436,2.13136,-25.306,0
15,4.65137,1.61901,-1.37195,0.73577,1.89904,-0.26937,1.21919,1.34525,1.9936,1.96109,2.98382,5.14071,0.77758,1.07238,0.77643,2.42835,20.708,0
16,4.58664,0.53482,-2.34789,0.89915,1.95162,0.38599,0.76743,0.55681,2.79995,1.33238,3.73701,5.87187,0.54275,0.56907,1.64866,-0.95118,17.988,0
17,4.47532,0.75043,-3.0288,2.31111,3.7579,2.66185,1.26947,1.09514,3.35888,1.14743,4.0102,6.14478,0.25544,0.26714,1.15777,4.12429,45.834,0
18,5.06609,1.38532,-1.52841,0.60337,1.71558,-0.29613,0.29446,1.6181,1.23759,1.58387,2.70812,5.06992,0.75771,0.60997,0.26208,1.26905,14.178,0
19,4.35988,2.09468,-1.63747,1.73366,2.82569,1.25817,1.62336,0.88298,2.94187,1.51961,3.53722,5.34362,0.55504,0.36131,2.56913,3.81279,69.995,0
20,4.12951,1.67552,-2.32847,1.67154,2.92376,1.61401,0.24568,0.42435,2.39367,1.04643,2.28164,4.98801,0.37127,0.28684,1.68236,2.18561,9.768,0
21,4.08961,0.78498,-1.81215,1.39144,2.36341,1.41619,0.19528,0.63329,2.3241,0.50513,2.77198,4.16575,0.28883,0.16284,1.3809,2.40122,30.413,0
22,4.20281,1.87628,-1.2491,2.25371,3.30535,1.82097,1.05371,1.32692,2.91222,0.88634,2.55463,5.18024,0.57065,0.72851,2.33713,3.02191,30.51,0
23,4.03967,1.33702,-3.10092,2.1792,3.435,1.26897,1.44298,1.12717,2.78708,1.38659,3.35814,5.67242,0.23025,0.30948,1.32547,1.86914,30.492,0
24,4.14758,0.93621,-2.7008,-0.11189,1.21892,-0.37182,1.10402,1.48192,1.89877,1.36701,3.09213,5.07324,0.62615,0.76529,0.95473,-0.47929,9.905,0
25,3.87551,0.48468,-1.25267,3.48401,4.90526,3.23502,0.61729,0.39817,3.26814,0.04961,2.77936,4.83679,0.0114,0.21506,0.70004,2.83931,48.832,0
26,4.17497,0.74045,-1.83386,2.14861,3.14359,1.59322,1.28638,1.29083,3.23413,1.21282,2.92907,5.67075,0.23217,0.15668,1.55481,3.25074,64.736,0
27,4.27649,1.5392,-1.40535,0.21083,1.6437,-0.11947,1.27806,0.91976,2.62633,0.89171,2.85095,4.49072,0.73503,0.71924,0.78395,0.93433,9.626,0
28,5.07672,2.01546,-1.12147,0.53356,1.48763,-0.39787,1.3354,2.04445,3.50079,2.11615,4.52826,6.21309,0.76475,0.75068,1.1264,1.51248,26.272,0
29,3.73412,1.17045,-2.11972,2.5651,4.18851,2.30187,1.04182,1.12917,2.74727,1.06579,3.16799,5.43038,0.3419,0.45714,1.98688,6.64606,51.129,0
30,5.37104,1.81553,-0.46393,3.43533,4.38319,3.2385,2.30897,1.91428,2.57731,1.43589,2.15397,5.71617,0.68689,0.66222,2.07722,1.60329,62.907,0
31,4.10334,0.98583,-1.64868,3.58042,4.48335,2.70029,3.13526,2.38508,5.17316,1.79323,3.82293,5.45305,0.54685,0.60788,3.08546,2.1512,55.217,0
32,4.56659,1.3488,-1.44318,1.76593,2.69927,0.42094,1.72055,1.56527,3.54339,1.89727,3.63235,5.99505,0.97735,1.18226,1.35279,-1.86772,19.266,0
33,5.06215,0.9426,-1.08905,2.67136,3.7717,2.32031,3.2985,1.72032,3.80562,2.01481,4.50224,6.80608,0.60674,0.60142,2.34289,1.04501,65.694,0
34,3.64147,-0.93567,-3.9297,1.14189,2.31609,0.37804,1.27309,0.72584,2.05549,0.43764,3.15134,4.81822,-0.29242,-0.21964,0.66116,-0.05943,5.96,0
35,4.98262,1.78775,-2.58691,0.82611,2.26557,0.31299,0.46333,1.54451,1.87576,1.3987,2.58868,4.24469,0.58824,0.84778,1.15308,0.73041,-11.084,0
36,3.66878,-0.33656,-2.89679,2.68904,3.7309,1.85301,1.95249,1.13987,3.56103,1.16392,3.06823,5.28807,0.29513,0.42682,2.04385,0.38783,59.857,0
37,3.84737,1.53789,-2.01338,1.49421,2.40577,0.55705,0.63579,0.71972,2.22512,1.0272,2.30846,4.45891,0.3318,0.57146,1.08871,0.87761,22.869,0
38,5.18956,0.38683,-2.21159,4.4116,5.44731,3.54089,3.1999,2.06092,4.26587,2.19388,4.29465,5.85663,0.90199,0.88277,2.24229,2.29751,71.621,0
39,5.85595,1.05516,-1.91158,5.43346,6.23436,4.57505,3.01639,2.31745,4.76691,2.49425,4.97382,7.80171,0.73496,0.57295,3.00193,2.39369,101.652,0
40,4.76304,1.15281,-2.33155,2.25657,3.04782,0.80261,1.45857,1.23489,3.56274,0.97736,3.42665,5.30902,0.41561,0.36076,0.90175,1.39764,53.562,0
41,3.87695,2.86787,-1.30919,0.00683,1.0154,-0.99215,0.05284,0.55747,2.40914,1.9321,2.69409,4.86366,0.88181,0.8308,0.82626,2.81005,1.927,0
42,4.53624,2.02154,-1.20649,1.83853,2.53636,0.65772,1.4341,2.00055,1.9554,1.59686,1.813,4.09343,1.11583,1.25811,2.06533,3.30751,14.814,0
43,4.70124,0.83926,-2.96417,2.06964,3.51141,1.88905,3.14627,2.11346,3.6981,1.10818,3.85692,6.42578,0.20105,0.28652,2.35486,2.4136,47.636,0
44,4.47008,0.34553,-1.48842,2.51086,3.63004,2.22692,1.45832,1.89231,3.30694,1.43209,3.60148,5.51408,0.39106,0.61091,2.20258,1.81788,44.877,0
45,5.28748,-0.06246,-2.56436,2.82146,4.14593,2.57045,2.33983,1.90124,3.95265,1.9668,3.64401,5.85551,0.98325,0.81843,2.13929,5.39416,68.871,0
46,4.03303,1.20518,-2.27426,3.07123,4.15191,2.89232,1.82318,2.04596,3.17099,1.7689,3.23683,5.39065,0.56075,0.5834,1.71053,0.06529,42.38,0
47,3.98856,1.0751,-1.06759,-0.99608,-0.06629,-2.22426,0.22723,1.35757,1.05464,1.55237,1.81532,3.53256,0.52944,0.80139,0.39996,2.89256,-8.471,0
48,3.75148,2.04962,-1.80688,0.56056,1.90451,-0.71345,-1.44237,1.58051,1.92415,1.44768,2.79859,4.79998,1.06748,1.15325,1.24848,2.27957,24.641,0
49,3.7753,0.51727,-2.22784,0.64122,1.70733,-0.03662,1.23205,1.84126,2.17114,1.59364,3.37953,5.61129,0.49912,0.83294,1.02593,1.49686,34.492,0
50,4.33799,0.88028,-1.6107,-1.56408,-0.24881,-1.66574,0.31642,1.52174,1.4967,1.18209,2.83491,4.41088,0.94374,1.03239,0.66643,-1.43923,-26.818,0
51,3.45275,1.58535,-0.50964,-1.91622,-0.75497,-2.2414,-1.33214,-0.35618,0.31985,0.01924,1.28186,3.70269,0.48828,0.42341,-0.23439,-1.87475,-24.741,0
52,3.58158,0.22486,-1.77319,0.84909,1.73933,-0.49885,0.34006,1.11862,2.97552,1.25497,3.24058,5.33536,0.61223,0.67338,0.32484,-0.22456,14.683,0
53,4.45465,0.8809,-1.19915,0.38548,1.62144,-0.33295,-0.56067,1.4293,2.27671,1.2609,3.41726,5.12128,0.769,0.85099,1.28395,3.32784,8.019,0
54,5.09112,1.12629,-0.47049,1.91347,2.69706,0.76529,1.13379,1.44055,2.14285,1.42093,3.13067,4.80981,1.00727,0.85513,1.66868,1.69687,26.808,0
55,3.93097,1.88736,-2.46982,0.33315,1.00487,-0.58655,0.11612,0.19303,1.91691,0.94972,2.88214,4.30469,0.08001,0.04139,0.59336,3.20606,1.115,0
56,3.49509,1.16409,-2.59787,0.2535,1.30164,0.08934,-1.22246,0.15083,1.2809,0.44902,2.04743,3.5561,0.17733,0.14966,0.55426,1.88166,5.59,0
57,3.66099,1.46351,-1.88316,1.08674,2.53921,1.1465,0.47284,1.29682,3.26,0.68338,3.51149,5.1608,0.72491,0.87852,1.15976,3.55986,9.49,0
58,2.80428,0.28628,-2.78534,0.0421,1.08351,-0.92378,0.57044,0.72615,1.08546,-0.00845,3.67417,5.33568,-0.05251,0.08975,0.39442,2.11157,-18.236,0
59,3.89454,-0.54396,-2.89209,1.09243,2.27762,0.36601,0.5265,-0.28798,2.49402,0.09749,2.76759,5.92406,0.14289,0.16322,1.82749,3.32048,52.8,0
60,4.46451,0.7356,-1.7344,-0.17553,0.80512,-0.02609,1.37247,1.67338,1.83926,2.14144,2.57335,4.28081,0.87577,1.00967,2.07008,1.16447,15.818,0
61,4.19726,0.67657,-2.5361,1.41461,2.2505,0.17718,0.40033,1.21056,2.41117,0.90818,3.7983,5.8214,0.30233,0.43413,0.62188,2.89429,43.636,0
62,4.05944,0.0356,-2.56323,1.80863,2.56947,-0.2486,0.77838,1.01252,3.44126,1.6633,2.46702,4.09879,0.56725,0.7057,2.10171,2.97118,14.343,0
63,3.60603,1.39705,-2.46534,-1.54343,-0.76288,-2.84554,-1.3882,0.71476,0.76668,0.32517,1.86288,3.7598,0.65106,0.84,0.63795,0.45833,-24.845,0
64,4.28618,0.73702,-0.51666,-0.41393,1.00877,-0.5049,0.68581,1.51133,1.3945,1.71629,1.74939,4.30919,0.86453,0.94016,0.9989,2.18384,1.799,0
65,3.88992,1.40514,-1.34907,1.00235,2.12623,0.68528,0.0044,0.76858,1.98129,0.85061,1.83251,4.49671,0.70544,0.74957,0.40534,1.85179,11.361,0
66,3.65227,0.92797,-1.8949,2.8845,3.36027,2.32117,0.04235,1.11022,3.01018,0.86002,3.59236,5.27894,0.15197,0.39813,1.92691,1.04953,48.258,0
67,4.31731,1.06073,-3.19001,1.50222,2.76924,0.73441,1.81878,1.74342,3.44054,1.79716,3.98724,5.92251,0.34787,0.61733,1.97058,-0.53262,22.103,0
68,4.33232,0.74002,-2.97658,2.63572,3.69573,1.97585,2.37977,1.21276,3.40161,1.42338,3.11294,5.61063,0.38313,0.29154,2.18416,3.49637,35.028,0
69,4.74628,0.76691,-1.94516,0.42441,2.04766,0.66122,0.79773,1.48322,3.29581,1.79584,2.49295,4.89084,0.63651,0.65587,1.18101,2.35521,29.83,0
70,4.54263,2.19612,-2.00176,-1.94926,-0.76152,-2.60727,-1.48958,0.66136,0.71411,1.69747,3.17867,4.16342,0.62384,0.92635,0.32447,2.86883,-7.334,0
71,3.74953,1.69878,-2.7783,0.70091,1.92703,0.49708,-0.58584,0.87382,2.41786,1.45387,3.72989,5.31098,0.22971,0.21938,0.95702,2.4154,27.662,0
72,4.53785,1.92888,-1.06139,2.4385,3.40447,0.95219,2.21391,2.93515,3.9824,2.69589,3.07203,6.49159,0.91021,0.85708,1.88295,1.55922,36.863,0
73,3.50719,1.84729,-1.6899,-2.23165,-1.20518,-3.28416,-2.12254,1.31134,0.31023,0.52806,2.42023,3.83737,0.99986,1.35413,-0.5791,1.23794,-27.015,0
74,4.81256,1.91614,-2.48254,1.36621,2.53234,0.21125,0.36382,1.17677,1.62935,1.28365,3.07261,4.71232,0.46133,0.78307,1.77558,0.80492,45.901,0
75,3.28101,0.16323,-1.69311,2.75017,3.6326,1.22464,0.14265,0.98323,2.83802,0.96271,2.77567,5.46943,0.22502,0.3173,1.93096,0.75646,32.299,0
76,4.54084,0.0114,-2.03307,2.39491,3.30343,0.56323,1.22418,1.06931,3.5445,1.03312,4.94121,6.19806,-0.01022,-0.07824,1.57167,1.17312,57.1,0
77,4.22217,1.84165,-0.00169,1.95923,2.94787,1.56077,0.22696,0.6073,3.20066,0.21163,2.91667,4.52818,0.40217,0.33871,1.21437,5.9901,40.149,0
78,4.69245,1.68094,-2.13925,1.54007,2.69146,0.62586,1.53347,1.97821,3.14406,1.82404,3.77005,5.13086,0.28381,0.45459,0.64247,1.87701,44.272,0
79,4.72985,0.20864,-2.83322,3.72033,4.96426,4.10656,1.9218,0.88883,4.40027,1.28178,4.75453,5.91874,-0.06838,-0.0091,1.47867,5.20781,76.992,0
80,4.55238,1.1411,-2.89133,2.17265,3.00293,0.46276,1.7449,2.08904,3.22011,1.89376,4.46743,6.3909,0.7548,0.98783,1.49608,4.80533,66.676,0
81,4.9542,1.76403,-2.47838,3.54659,4.45191,1.85466,0.90761,1.3808,4.67258,1.75606,4.83436,6.50734,0.42509,0.45665,1.87492,4.04597,67.295,0
82,4.9747,1.69267,-1.10271,1.67325,2.39919,0.88826,-0.56438,1.01656,3.28025,1.29895,3.90468,5.40431,0.85111,1.10338,1.25269,2.4535,26.766,0
83,4.32236,1.99315,-1.32569,3.04856,4.57015,3.01609,2.20543,1.42326,4.32086,1.44474,3.51086,5.90099,0.44855,0.54452,1.75177,2.51102,39.897,0
84,4.9995,1.03822,-1.31892,3.60126,4.56986,3.74262,3.75578,2.26831,5.91717,1.68114,4.31167,7.08919,0.98355,1.02982,3.55268,1.61068,84.761,0
85,3.88911,0.9275,-1.51701,1.10562,2.05063,0.53016,1.38613,1.73826,2.89253,1.93803,3.20794,5.42549,0.7667,0.92375,1.5457,1.44266,30.667,0
86,4.26203,1.14908,-1.97896,2.08087,2.93681,0.593,1.19695,1.50831,2.49144,1.28065,3.36285,5.47851,0.66469,0.92637,1.3867,-0.34012,46.475,0
87,4.9652,0.76183,-2.88926,3.97378,5.06927,3.4285,2.57592,1.66129,3.57536,0.95879,3.54083,6.4414,0.13068,0.11287,3.05549,3.69242,71.056,0
88,5.24645,1.66894,0.19261,4.4441,5.35426,3.86283,1.24679,1.71129,3.30266,1.67048,3.58735,5.72572,0.68861,0.9326,2.67549,2.57853,62.735,0
89,4.21059,1.06,-2.63471,1.76765,2.62132,1.28774,0.52557,1.61173,1.88882,1.28983,2.75131,5.21426,0.31907,0.43458,1.06011,4.5124,23.628,0
90,4.10861,0.93705,-1.49146,-0.00568,0.98446,-0.99416,-0.25471,1.06739,2.90248,2.56611,3.39773,5.32643,0.89484,0.93131,1.71862,1.01681,-1.004,0
91,5.05698,1.48478,-1.92858,1.72891,2.3642,0.32136,2.28367,1.80662,3.47933,1.88127,3.18515,5.27429,0.87096,1.04847,1.62767,2.17417,25.419,0
92,4.0429,0.02381,-2.88506,1.18495,1.95231,0.29863,0.17304,1.32703,2.51272,0.95551,2.17104,4.10479,0.44162,0.61898,0.95023,5.59149,21.784,0
93,3.92538,1.09556,-1.63663,1.16883,2.33682,0.74205,-0.43205,1.62767,2.81293,1.95684,3.70439,5.11229,0.23082,0.40629,1.50806,4.94625,50.159,0
94,4.42254,0.26374,-1.61701,2.47017,3.5328,2.09662,0.01296,1.33147,2.43178,1.03664,3.83815,6.12758,0.4588,0.81447,1.02224,1.18871,56.725,0
95,3.30889,0.63289,-2.55751,-0.94787,0.17894,-1.69173,0.54428,1.29558,2.13748,1.43125,3.01036,5.20801,0.3864,0.50467,0.76901,2.94042,-13.341,0
96,4.37558,-1.17736,-1.91924,2.15802,3.11335,1.75121,1.19542,0.58193,3.34069,1.3463,3.50818,5.13716,0.30222,0.32725,1.57311,0.2835,28.086,0
97,3.85878,0.55639,-3.49198,1.72446,2.67253,0.99127,0.34399,1.19219,3.21214,1.71103,2.46992,4.6214,0.69272,0.7503,1.36756,1.7636,44.569,0
98,4.50415,1.6921,-2.44665,2.31945,3.13225,1.06395,0.3062,1.75965,3.59816,1.14614,3.31878,5.49425,0.62092,0.83213,2.05786,4.56114,25.969,0
99,4.2407,-0.25069,-1.33766,-0.33375,0.69601,-0.45396,-1.43181,1.02793,1.99559,0.22451,2.04306,4.51443,0.36439,0.27442,0.37309,5.48636,-0.841,0
100,4.21814,1.78116,-2.77558,0.63954,1.91843,0.00913,-0.16928,1.25673,2.23352,1.20768,2.69537,4.61929,0.23114,0.49587,1.69678,2.49241,35.202,0
101,4.74818,1.17719,-1.36246,2.15771,2.86462,1.6054,1.4969,0.68878,3.07678,1.37821,1.99656,4.49507,0.26053,0.27403,1.76115,0.41565,31.425,0
102,2.78555,0.76475,-1.96097,-0.87208,0.27326,-1.77929,-0.09686,0.07984,1.16141,0.82193,3.32598,4.58865,0.03714,0.08796,0.98991,3.545,-1.05,0
103,4.01718,1.83382,-1.20966,0.21917,1.4231,0.19831,0.58546,1.54237,1.72128,1.3412,3.2719,5.25412,1.03143,1.20577,0.7794,1.53528,20.46,0
104,4.98586,0.93562,-1.88327,0.94593,1.93304,0.50747,1.06404,2.01738,2.50573,2.07599,3.3101,6.16599,0.57345,0.96256,1.2805,3.10193,27.527,0
105,4.44794,0.99973,-1.62516,1.31051,2.42276,-0.05832,1.22881,0.57029,2.52053,1.3663,2.67263,4.59053,0.64637,0.45858,0.89064,-0.0643,33.67,0
106,3.86212,1.5557,-2.27468,-0.3408,0.56732,-1.65616,1.47847,1.6677,2.53054,1.45982,2.59693,4.34592,0.95789,0.95822,0.94225,0.78896,13.189,0
107,4.76002,0.41385,-1.68303,1.85517,2.79743,0.70869,0.99724,1.44345,2.65653,1.64207,3.8584,5.53221,0.22283,0.18099,1.09582,3.96155,42.65,0
108,5.4097,0.55267,-1.38371,2.87084,3.70529,1.95645,2.5887,2.14944,4.39303,2.36654,4.15218,6.00379,0.52871,0.61567,2.39401,2.36455,65.136,0
109,4.8684,1.08642,-1.54664,3.59482,4.57818,3.3864,1.08125,2.31266,3.19866,2.43564,4.27488,5.96629,1.04892,1.22968,2.68224,4.51553,50.607,0
110,3.65441,0.52942,-0.52188,0.64286,1.4064,-0.65085,-0.07989,1.32283,1.06519,1.37183,1.42357,3.21333,0.49308,0.592,0.5486,2.45201,16.803,0
111,3.83053,0.91147,-2.47793,0.57247,1.77521,-0.43565,1.10933,0.88117,3.59718,0.86655,3.74651,5.34346,0.23622,0.27403,2.64034,-0.10027,32.97,0
112,4.36648,1.03004,-1.30246,1.28167,2.40765,1.28947,2.15729,2.17552,3.05006,1.80549,3.79908,5.94125,0.85184,0.92915,1.73443,5.93902,36.717,0
113,3.40424,0.17449,-1.16338,1.67684,2.43694,0.76959,-0.67942,1.09602,3.14359,0.92889,2.19836,4.39404,0.44191,0.5173,1.04542,2.60677,26.234,0
114,4.21872,0.73347,-2.2174,1.03086,2.06622,-0.2106,0.70277,1.20577,2.82971,1.41815,4.31483,5.86754,0.61489,0.48559,1.56753,3.58763,37.455,0
115,4.04685,1.53402,-2.20949,1.56159,3.02344,0.38573,1.63844,1.44187,2.73106,1.40785,3.03978,5.44937,0.28096,0.24677,2.11235,3.20309,43.626,0
116,2.92607,0.84431,-2.83083,-0.9705,-0.31692,-2.41525,0.00354,1.71341,0.53048,1.36453,2.53458,4.58409,0.68621,0.80825,0.46986,0.82491,-12.632,0
117,4.36105,1.49838,-1.55304,2.18272,3.03835,2.00718,1.70176,1.50203,2.82444,1.29463,4.36923,6.11207,0.69763,0.66409,1.79412,3.40764,33.117,0
118,5.15777,0.34799,-1.33284,3.89668,4.85972,3.19189,1.78699,2.27152,3.476,1.41933,4.31948,6.28277,0.4422,0.46804,2.17183,2.99923,51.095,0
119,4.80598,1.79648,-0.75727,3.481,4.22812,2.93191,2.24104,2.2014,3.02207,2.13869,3.85983,5.93851,0.89396,0.99108,2.01603,2.80982,45.578,0
120,2.46889,1.03769,-2.08937,-0.42518,0.54445,-1.97176,-0.33975,0.69766,2.07384,1.36888,2.19189,3.33354,0.27854,0.54175,0.54461,2.60582,-5.094,0
121,3.8163,0.26612,-3.34735,1.00858,1.9971,0.37339,-0.53226,1.11562,1.02955,0.67859,2.4756,4.65697,-0.13938,0.14658,0.67269,3.67133,32.034,0
122,4.99084,1.3594,-1.55854,2.50173,3.5651,2.79377,2.40568,2.07589,3.6896,1.98206,2.50154,4.95583,1.13374,1.02327,2.10992,1.37154,5.136,0
123,3.69895,1.00388,-1.44685,0.88343,2.03352,-0.26667,1.20812,0.90257,2.6072,1.74344,3.1739,4.85605,0.54313,0.50792,0.90464,0.76101,22.284,0
124,4.42115,1.97308,-1.12768,1.52442,2.40842,1.06721,0.14123,1.57311,2.75745,1.08256,2.19246,4.71488,0.43978,0.71392,1.2141,1.29319,35.58,0
125,4.94974,2.15075,-1.54423,-0.6702,0.48649,-1.65132,-0.89097,1.65443,1.56887,1.67624,2.38191,4.1149,1.35142,1.29456,0.84346,4.2607,-19.917,0
126,3.6735,0.7435,-2.84943,-0.29068,0.61859,-0.65633,-1.34556,1.23421,0.79352,1.25312,3.36175,4.52177,0.48683,0.58265,0.11049,0.65104,-6.032,0
127,4.47591,0.71624,-1.55614,1.27917,2.30186,0.90217,0.6806,1.94084,3.49605,1.37436,2.78853,5.75403,0.83735,0.77621,2.18318,0.12931,32.159,0
128,3.48606,0.92423,-2.12595,0.9735,2.30214,0.62654,0.51791,0.81762,2.04413,1.59113,3.03673,4.00206,1.23969,1.13022,1.60282,1.716,35.61,0
129,5.61729,1.06483,-1.18265,2.24504,3.58169,2.55164,1.36754,1.66094,5.00405,2.24457,3.42514,6.09319,0.87057,0.88461,1.98159,3.4471,61.651,0
130,4.93857,1.70628,-1.44462,1.97896,3.2547,1.49448,2.85101,2.25908,4.12925,2.37092,4.49165,6.30812,0.82403,0.73659,2.48854,3.46409,59.074,0
131,4.87751,0.88154,-1.61409,3.98283,4.82155,4.04434,0.47752,1.65479,4.11812,0.77342,3.50061,5.10503,0.67714,0.49606,1.98566,3.57054,67.933,0
132,3.14423,1.12207,-2.61182,0.55119,1.39276,-1.41993,0.25956,0.407,2.12766,0.84252,2.50287,4.74622,0.23954,0.24883,0.48642,-1.35442,-12.731,0
133,3.99138,0.58681,-2.60782,2.27818,3.36689,2.27081,3.36232,1.61543,4.68594,2.0838,2.66144,5.0977,0.11084,0.2477,2.43377,3.2485,71.155,0
134,3.68831,0.97014,-2.69082,-0.86094,0.08311,-2.5209,0.55548,2.49967,3.30907,2.74519,4.04661,5.26374,0.51393,0.87763,2.08114,3.02694,6.355,0
135,3.33553,-0.4909,-1.51275,1.34227,2.32689,0.05884,1.248,1.77926,2.3813,1.77665,2.37508,5.04009,0.47451,0.50476,1.42186,2.45411,29.395,0
136,4.66966,0.99769,-2.18728,2.05201,2.92912,2.26137,0.50943,1.40373,3.62234,1.59849,3.90227,5.68586,0.32814,0.19175,1.07693,1.81527,34.029,0
137,5.16493,1.11014,-1.29873,2.58887,3.77649,1.90365,1.36254,1.41806,3.596,1.90197,3.35992,5.60408,1.00296,0.97974,2.12092,2.35095,64.075,0
138,3.50405,0.49044,-2.66195,1.26061,2.22752,0.12511,-0.76475,1.00878,2.25617,1.45842,2.14263,4.22296,0.08607,0.31592,1.36087,4.1598,22.495,0
139,3.88598,1.47575,-1.65532,0.78783,2.1378,0.10485,-0.93543,1.51984,1.99176,1.68604,2.23777,4.17219,0.62861,0.73697,0.6534,3.13393,18.501,0
140,3.41539,1.35481,-2.21925,1.77267,2.9844,0.90181,1.48856,2.36474,3.05068,2.18408,4.10935,5.79376,0.70204,0.74225,1.94702,3.36162,33.598,0
141,4.88582,0.59042,-2.36421,3.91124,4.58131,3.17832,2.27864,1.54317,4.65244,1.80672,3.11408,5.71679,-0.0675,0.15092,2.43095,4.41334,89.261,0
142,4.35086,1.39321,-3.93782,0.05841,1.00528,-0.28233,0.17597,0.73602,2.324,1.09444,2.10519,4.32624,0.18949,0.4214,1.41894,4.89582,18.578,0
143,3.0432,1.96902,-2.12842,-0.64382,0.68974,-1.52466,-0.49548,0.78124,1.54878,0.65082,2.7406,4.43362,0.41261,0.50904,0.50784,2.94943,3.337,0
144,6.00307,1.16739,-0.42915,2.13701,3.04817,1.50486,2.02111,1.90952,4.37716,1.83092,3.71204,5.05806,0.86745,1.12948,2.18744,0.72083,34.901,0
145,3.80873,1.33224,-2.4392,1.60182,2.36576,-0.90003,0.40533,1.63694,2.40756,1.78714,2.81222,4.54645,0.94536,1.1813,1.91148,2.16492,13.251,0
146,4.17435,-1.00026,-3.17722,3.43986,4.3308,2.94168,1.65341,0.51726,4.25561,0.45475,3.99933,5.83944,-0.42949,-0.37097,2.38073,3.28729,67.766,0
147,4.60408,1.02413,-1.31375,2.40864,3.78411,1.10011,3.4325,1.71414,2.99971,1.38278,3.44461,5.28171,0.59938,0.74168,1.12868,1.31385,23.165,0
148,3.43685,1.31888,-1.50233,-0.90469,0.3779,-2.00764,-0.62492,1.09792,1.35939,1.05778,1.89138,4.07299,0.57351,0.74646,-0.1627,0.24231,-11.723,0
149,3.55033,1.12997,-1.73099,0.80259,2.11232,0.65688,0.22896,1.35787,1.95399,1.64242,3.33206,4.92893,0.50174,0.54509,1.83523,1.78155,41.058,0
150,4.8624,1.56869,-1.08577,3.05172,3.93149,2.33867,2.071,1.94758,3.84075,1.26379,4.74248,6.89575,0.3657,0.4537,2.13703,1.08094,56.701,0
151,4.86952,-0.75609,-3.97963,3.44011,4.36536,2.91784,3.36584,2.12484,4.41467,1.69647,3.9533,6.1278,-0.03934,0.18905,2.27258,0.33927,61.395,0
152,3.74834,0.37906,-1.69866,1.49337,2.62204,0.67349,0.94726,0.36695,2.12701,0.38233,2.95188,5.46486,-0.31806,-0.07584,1.54916,-0.15774,29.965,0
153,4.54525,1.61336,-1.51803,2.15419,3.13958,1.63609,1.14115,1.01126,2.43863,0.90575,2.6659,4.29954,0.47466,0.44265,1.33331,0.9036,32.302,0
154,5.37178,0.27398,-2.22985,2.75627,3.54554,2.30955,1.96935,1.04877,3.42134,1.39376,4.56782,5.86087,-0.01584,-0.10213,1.58897,1.62272,55.127,0
155,5.2805,0.4724,-0.90697,4.88907,5.73142,4.47995,1.72207,2.33594,4.22301,1.84452,3.94067,5.51239,0.53278,0.44095,2.88457,4.12198,72.74,0
156,5.08172,2.46018,-2.19165,2.04335,3.05549,2.39943,2.2015,1.6906,2.75539,1.66533,3.32279,4.19638,0.79719,1.07349,1.33568,2.60215,50.414,0
157,3.84134,1.13816,-2.46822,0.3456,1.54036,0.23228,0.2446,1.8007,2.91625,1.92174,3.92957,5.97432,0.67248,0.90332,1.52754,0.77709,21.57,0
158,3.98587,2.09707,-2.04432,2.71341,4.14802,3.39895,1.27239,1.71448,3.50561,1.00442,2.73694,3.97934,0.4455,0.63897,1.58112,7.61927,69.416,0
159,3.82191,0.83306,-2.03862,1.07026,2.12072,0.57749,0.88244,0.69495,2.98761,0.99692,3.61929,4.8659,0.10587,0.05109,1.25855,1.71505,24.967,0
160,4.17905,1.62876,-0.51525,-0.29237,0.77454,-1.48189,0.97103,1.61786,1.90231,0.96634,2.87624,3.65475,1.25168,1.19537,1.17875,1.39288,4.779,0
161,4.4275,2.34727,-1.39762,2.84448,3.71257,1.65926,1.09409,1.92531,3.98174,2.05746,3.02406,5.08593,0.6597,0.77957,2.12797,2.22844,43.256,0
162,3.79174,0.97202,-2.67282,2.61417,3.64016,1.73813,1.46391,1.62755,2.89429,1.88924,3.43166,5.48649,0.34008,0.48209,2.24947,2.63312,43.691,0
163,4.13894,2.8881,-1.64164,0.92284,2.27137,-0.49968,-0.31049,1.00148,1.89901,0.75783,2.41094,3.85896,0.56403,0.59325,1.24719,0.87487,10.718,0
164,4.45544,0.89938,-2.17168,1.30245,2.39834,0.36139,1.28238,2.17019,2.43901,2.00936,4.10233,5.48729,0.77243,0.9951,1.75009,-1.63896,28.569,0
165,4.29613,2.10813,-1.58867,3.55219,4.306,1.91661,1.34755,1.03745,4.40694,1.22184,3.42931,5.26015,0.78862,0.81225,2.29214,3.43733,33.108,0
166,4.32929,0.94543,-3.07342,0.61637,1.29805,-0.47652,1.46696,1.70999,2.9746,2.11368,4.66395,5.82484,0.76233,0.73406,0.98853,0.52393,23.907,0
167,4.15961,1.29319,-1.71539,1.83088,2.81828,0.69262,-0.32726,0.74976,1.71338,0.43681,3.4838,5.31322,0.53217,0.52454,0.75298,4.75828,33.378,0
168,3.68488,1.80295,-1.17604,1.99246,2.85992,1.50505,-0.11523,1.02166,2.59882,1.10015,2.8088,5.41357,0.39596,0.21531,1.38944,1.96906,21.881,0
169,4.4224,0.78131,-2.01551,1.11227,1.91894,-1.0482,1.73063,1.85164,4.83933,1.24861,3.4155,5.32314,-0.132,0.09545,1.80616,0.63079,53.384,0
170,3.9061,1.4514,-2.74987,0.38422,1.24634,-1.23082,0.94079,1.58399,1.64277,1.77834,1.86837,4.31007,0.87781,1.17757,0.97459,1.11691,9.307,0
171,3.09047,-0.07074,-3.45209,0.80901,1.79285,0.00279,0.53238,1.24009,3.58258,1.79404,2.62378,5.48041,0.54027,0.80436,1.51476,3.73056,25.212,0
172,3.94431,0.8915,-3.04021,2.01648,3.26632,1.4859,1.82638,1.53101,3.7029,1.85869,3.69185,5.99712,0.72687,0.85426,1.6347,0.90779,30.128,0
173,4.12704,0.62579,-2.23073,0.51856,1.35768,-1.12332,0.21701,0.50692,1.85435,0.88415,2.59386,4.68471,0.26655,0.43546,1.61471,3.40789,41.432,0
174,4.82001,1.30775,-1.5201,2.78684,3.60417,1.7234,0.53228,1.59922,2.24143,0.98602,2.06314,4.85232,0.6271,0.75046,0.83539,1.31261,53.014,0
175,3.8735,-0.36537,-2.61247,1.49186,2.42563,0.49968,0.55383,0.87876,3.14186,1.26243,2.74087,4.74426,0.28514,0.69596,1.36334,2.49283,36.001,0
176,5.52275,0.60174,-1.59608,3.69451,4.5148,2.50041,1.00202,2.47418,3.77015,1.85299,3.84453,6.28409,0.85588,0.80558,1.91203,0.59216,67.487,0
177,3.51742,0.45077,-2.81872,0.61141,2.0158,0.01172,-0.22634,1.2067,2.54985,0.87448,2.21334,4.53864,0.24305,0.4408,1.10983,2.94901,34.909,0
178,4.10691,0.15271,-3.07644,0.8561,2.02816,1.16756,1.16157,1.06851,2.0947,0.25082,3.42621,5.56059,-0.0697,0.10705,0.95328,1.45848,33.028,0
179,3.75045,0.18346,-1.92919,1.62621,2.73335,1.19978,0.51624,0.60237,3.04899,0.56127,2.71041,4.50212,0.51184,0.47422,1.68262,1.74182,32.487,0
180,4.16426,0.91602,-2.02741,0.61279,1.91964,-0.06013,1.36073,1.78593,3.50161,1.43302,2.71033,4.91755,0.96115,0.78127,1.14571,3.27141,24.361,0
181,4.42394,1.11784,-3.03177,2.15781,3.11796,2.04009,0.35784,0.48918,2.35763,1.21745,2.75412,5.00606,0.39767,0.41069,1.56424,2.61342,23.698,0
182,3.53364,2.04972,-0.63673,-1.29902,-0.22755,-3.46421,1.0978,1.07938,1.64073,1.31754,2.14276,4.36902,0.38036,0.56125,0.37972,-0.04757,-33.425,0
183,4.73496,1.80362,-1.69083,0.92033,1.94461,-0.31047,1.9271,1.25066,2.61902,2.04012,2.63397,4.72437,0.56651,0.95257,1.63772,-0.38723,8.534,0
184,3.87383,0.37254,-1.1471,1.32197,2.43947,0.96983,0.04569,1.54871,2.25717,0.77017,2.84344,4.44184,0.5597,0.89888,1.05373,2.47584,37.658,0
185,4.29605,2.07422,-2.27152,3.08205,3.78683,2.76345,0.90993,1.14282,3.50463,1.35153,2.4468,5.03432,0.43879,0.58682,1.74873,3.02232,56.176,0
186,4.2747,1.32407,-2.14418,2.53664,3.37358,1.88347,0.30927,1.61081,4.29117,1.62299,3.78155,4.81883,0.30024,0.60771,1.84118,4.7911,57.41,0
187,3.73424,0.45989,-0.7813,1.46066,2.33673,0.93442,2.23601,2.24327,1.96542,1.96521,3.41576,5.37803,0.89962,1.09737,1.50504,1.30493,32.049,0
188,4.67455,-0.63461,-3.56436,2.87464,3.66045,1.78602,0.17505,0.73642,2.9918,0.95396,3.41175,5.13613,0.08513,-0.10043,1.3521,4.88608,50.976,0
189,4.68206,1.90489,-2.37544,1.32217,2.28692,-0.55397,0.6675,2.20896,3.45386,2.4848,2.8041,4.58632,1.04146,1.44202,1.05447,1.55023,31.062,0
190,3.87213,-0.13123,-2.7105,0.91276,1.85997,-0.11416,-1.47186,0.12081,-0.26837,0.07193,1.07168,2.62432,0.70157,0.68243,0.18164,3.55603,8.233,0
191,5.52413,0.19483,-2.36285,4.57964,5.34782,4.0177,2.87705,1.0192,4.45698,1.06769,3.92439,5.82133,-0.32388,-0.27701,1.97199,0.84695,96.625,0
192,4.41984,1.73013,-3.38142,2.1729,2.85148,0.87799,1.00952,1.54273,2.95768,1.54183,2.45478,4.72361,0.67416,0.62336,1.57524,0.35297,28.646,0
193,4.24663,0.89004,-2.62829,0.99311,2.24457,0.71295,1.24127,2.18679,2.6974,2.52685,2.97452,5.61677,0.94795,0.83461,1.8204,1.16608,1.01,0
194,3.98992,-0.06363,-2.07532,0.78146,1.61306,-0.11115,0.39429,1.02548,1.98709,1.19993,3.88875,4.96638,0.1777,0.12895,0.69585,1.02483,15.057,0
195,4.22529,1.11506,-3.11892,-0.17646,0.82617,-0.84753,0.62576,0.25305,2.40298,-0.26017,3.03449,4.753,-0.0306,0.19759,0.93879,4.35131,15.971,0
196,3.89685,2.36832,-2.34143,2.02427,3.2464,0.34404,2.26015,1.22668,2.99077,1.36972,2.52348,5.50269,0.87666,0.84118,1.44685,1.32663,33.682,0
197,4.76198,1.23621,-1.34467,2.30327,3.46172,1.54376,1.97084,1.49972,3.91112,1.90718,3.01047,5.1803,0.97965,0.83157,1.83602,1.7008,38.524,0
198,3.71977,0.8203,-2.7517,-0.03564,1.38144,-0.82031,-0.07637,1.49494,2.37421,0.41438,3.48311,5.07711,0.24951,0.27962,0.28193,2.02995,6.624,0
199,5.60856,2.0327,-1.69667,5.25468,6.29794,4.54462,3.19294,2.14837,4.06406,2.28831,4.10303,6.33264,0.78805,0.80912,2.54066,0.35893,73.58,0
200,4.66607,1.39405,-2.35225,2.65966,3.30282,2.22921,2.36225,1.76649,4.04691,1.77866,4.65683,6.07642,0.48168,0.38032,1.62183,3.23425,73.325,0
201,4.33552,1.36257,-3.31671,3.12469,3.97242,2.77502,1.65617,1.69153,3.90672,1.33287,3.28406,6.32716,0.62998,0.53664,1.2762,3.60898,72.824,0
202,4.53816,-0.02618,-1.37853,1.74484,2.74287,2.23241,0.47332,0.47026,2.45635,0.80909,3.0428,4.74689,-0.09503,-0.15183,0.90249,1.32245,57.976,0
203,3.83074,1.38426,-2.2759,2.02654,3.12389,1.32874,1.68198,0.99838,3.08986,1.96612,2.61704,4.80632,-0.10554,-0.14544,2.25199,1.92207,29.456,0
204,4.76231,0.66077,-1.8043,3.02658,4.14828,2.3565,1.59375,1.48158,3.33482,1.50828,3.65744,5.91136,0.38164,0.53786,1.4751,0.96538,60.234,0
205,4.97194,0.49129,-2.12539,1.35974,2.04897,1.29808,1.28888,1.91997,4.09851,1.93344,3.19934,5.58655,0.70461,0.79956,1.49418,6.01014,18.74,0
206,3.9846,0.67524,-3.07902,2.53615,3.55684,2.21862,2.17975,2.4711,3.00373,1.51834,3.3746,5.52113,0.32389,0.51408,1.97582,2.5527,43.734,0
207,4.64246,2.21376,-1.2951,2.3288,2.96173,1.68846,1.43062,1.45723,3.19855,1.46058,3.08359,5.21818,0.84978,0.68906,1.71973,-0.86696,32.842,0
208,3.6133,1.14495,-2.5459,0.83973,1.68226,-0.67764,0.04807,1.20459,1.78624,1.69968,3.04635,4.75543,0.83595,0.93723,0.69219,1.39053,-2.874,0
209,3.61805,1.6983,-1.84921,2.62805,3.79185,1.82229,0.33819,0.86962,3.02255,0.2569,2.72371,4.34392,0.01723,0.38304,1.00708,0.94882,52.219,0
210,4.66201,0.9298,-1.38167,0.9477,1.60381,-1.23942,1.58946,1.69169,2.29019,1.65038,3.13917,4.82046,0.72454,0.72142,0.74505,0.49786,-15.458,0
211,3.9197,2.35877,-0.80745,0.67507,1.81709,-0.21183,0.1521,0.49413,2.58025,1.31701,2.49446,4.57652,0.21762,0.37122,0.57538,3.37231,4.648,0
212,4.62703,0.45473,-1.83942,0.8941,1.85113,-0.16072,1.84392,1.50358,3.51093,1.82566,3.71561,5.13298,0.81767,1.28851,1.62227,5.14295,47.36,0
213,3.56837,0.85052,-3.55668,1.69075,2.59775,0.66705,-0.05289,1.01324,2.837,1.18192,2.52264,5.24012,0.33702,0.38898,0.89932,1.68439,27.474,0
214,3.71705,0.99504,-1.15527,-1.71523,-0.51658,-2.92109,-0.10981,1.52008,1.75543,2.08841,2.9845,4.01318,1.2765,1.37805,0.25123,0.19035,-22.333,0
215,4.46687,0.73136,-2.31075,3.29744,4.15875,2.01996,0.9591,0.80921,4.12658,0.52412,3.64971,5.72549,0.48349,0.4246,1.46864,4.05401,75.929,0
216,4.71846,0.82778,-1.57389,1.95046,2.91617,1.1177,0.70021,1.29241,3.30763,1.53792,2.92316,4.78394,0.50209,0.68692,0.69636,3.79829,38.739,0
217,3.39626,1.34131,-3.04377,1.73937,2.6609,0.31017,0.94581,1.35607,2.16123,0.87019,2.09654,4.36961,0.04448,0.46627,0.80236,-0.58764,20.926,0
218,3.806,1.28158,-1.59421,0.39295,1.58804,-0.21121,1.62613,1.76347,2.68586,1.67339,4.41724,6.28646,0.65325,0.52127,0.81654,-0.94409,17.975,0
219,4.84499,1.92586,-1.87685,1.00175,1.93182,0.77294,0.31177,1.53926,3.23848,1.46861,4.60557,5.73256,1.02463,1.21408,1.99048,3.4042,26.495,0
220,4.00942,0.79634,-1.40973,0.40608,1.42206,0.25643,-0.12241,1.2903,2.18078,0.95675,2.34843,4.57403,0.73222,0.94419,1.01675,1.40621,8.66,0
221,3.89872,0.89682,-0.53102,1.74209,2.92326,1.16356,-0.12344,0.70282,1.56383,0.2817,1.86741,4.72347,0.65467,0.49503,0.34304,2.10625,28.576,0
222,2.8217,-0.10934,-2.13556,2.57651,3.33404,1.26656,-0.33639,0.48207,1.76174,1.02024,2.72749,5.08898,-0.11158,0.10724,1.37983,0.85057,31.389,0
223,4.73966,1.32059,-2.72694,1.18822,1.97279,-0.30455,0.98564,0.72262,1.51925,0.87038,2.13815,5.27659,0.51087,0.48047,1.76882,2.2431,30.133,0
224,3.91159,0.55929,-1.39685,1.50466,2.15989,0.04651,0.27475,1.90061,1.79012,1.00269,3.32438,5.60008,0.64245,0.68002,1.38638,3.52594,34.102,0
225,3.84858,0.75437,-1.90496,1.0056,1.89334,-0.74227,0.81091,0.90571,1.97379,0.3892,2.49985,3.87713,0.50233,0.5733,1.27945,1.55522,26.772,0
226,4.68969,0.69026,-1.62046,2.19261,3.32327,0.86374,2.56738,1.36625,3.03627,1.04104,2.86972,4.57379,0.33981,0.72119,2.43195,3.71484,34.943,0
227,3.13193,2.41684,-1.42666,1.66332,2.69757,1.34531,2.22617,2.46624,2.09778,1.57332,2.59072,4.82257,0.41513,0.60371,0.49667,1.14803,24.502,0
228,4.7239,2.13862,-2.25883,1.03871,2.20276,-0.31087,1.76942,2.11909,3.69596,2.07251,4.60952,5.63572,1.02357,0.96675,2.35567,0.93719,26.56,0
229,4.61749,1.75174,-0.32787,1.02431,2.35127,0.39858,1.49291,1.85141,2.72514,1.9153,3.19943,5.49176,1.15069,1.42032,1.90109,1.58873,23.711,0
230,4.34519,2.01038,-1.4587,1.39645,2.32947,0.48829,0.99436,1.34431,2.68379,1.38757,2.50785,3.93115,0.75284,0.78654,1.45194,1.52291,23.917,0
231,3.60214,1.5779,-1.6261,1.75165,2.43984,-0.0164,0.19367,1.0618,2.08151,1.12036,2.27914,4.8007,0.6921,0.56,0.43275,1.58342,23.738,0
232,3.88336,1.28516,-2.30982,-0.99931,0.00464,-1.80052,-0.34112,1.19838,1.36083,0.96873,2.57544,3.90617,0.60888,0.76944,0.87489,1.27817,1.248,0
233,4.13384,-0.62547,-0.80059,1.09912,1.78552,-0.77633,1.42555,1.72121,2.38664,1.76555,2.85643,4.73986,0.77252,0.73983,1.4418,0.74654,7.631,0
234,4.24516,1.83699,-1.80396,3.24986,4.30735,2.81012,2.64909,2.11593,4.82336,2.3183,3.12475,5.65103,0.5255,0.7254,2.55599,0.30608,62.875,0
235,4.70906,1.38098,-1.98923,1.6606,2.49296,0.4785,1.90502,1.92815,3.72448,1.98441,2.99668,5.06947,0.8319,0.89542,2.53589,1.2309,37.628,0
236,4.18249,0.67113,-2.58456,0.24831,1.19963,-1.20092,0.08553,1.39205,1.52536,0.91702,2.03883,5.14975,0.21045,0.44393,0.27031,3.74246,8.192,0
237,3.26527,0.24766,-2.22754,-0.76718,-0.10772,-2.37288,-0.54755,1.22767,0.26209,1.33908,1.73895,3.14356,0.87989,1.12481,0.24212,1.20648,-38.27,0
238,4.22015,0.98563,-2.4812,-0.18834,0.84367,-1.07259,1.95026,0.73058,2.61777,1.10843,3.66126,5.42164,0.45333,0.54769,1.08659,-0.12244,18.565,0
239,4.00026,0.37853,-1.81505,-2.32918,-1.36095,-3.74317,-1.37874,1.1231,0.1128,1.01932,2.24576,4.59755,0.79994,1.00306,0.20331,2.7746,-32.507,0
240,4.38541,1.78929,-1.59698,1.0857,2.05556,-0.42118,0.70977,1.29649,2.89363,1.84738,2.43041,4.81378,1.41234,1.26637,2.26926,-0.54222,11.587,0
241,3.35302,1.48098,-2.06508,1.13113,2.03791,0.68734,0.52497,0.51611,2.05028,-0.05848,2.00267,4.34435,0.22292,0.29885,0.33691,0.73816,16.314,0
242,4.85715,2.27782,-1.27931,1.12368,2.15881,-0.81888,1.7039,1.87553,3.19322,1.94793,3.84736,6.07548,0.69254,0.79236,1.93595,1.09094,36.937,0
243,4.07076,1.33247,-2.45459,1.83335,2.92288,1.05917,0.13996,1.48344,3.29341,0.68333,3.34224,4.91103,0.23479,0.35954,1.06641,0.38124,46.31,0
244,4.38852,1.43508,-1.28656,1.26291,2.53932,1.60842,-0.45316,1.1111,2.7132,0.77167,3.54453,5.22432,0.75609,0.80309,0.79187,4.54948,22.031,0
245,3.98234,1.33751,-2.52711,1.08392,2.36793,-0.45329,2.2542,1.43382,2.5339,1.22533,3.59372,5.76454,0.26955,0.38572,0.86936,4.4368,22.989,1
246,3.93581,1.52353,-1.63513,3.6561,4.73941,2.79101,3.05211,1.49662,4.96887,1.99455,3.30947,6.49716,0.71406,0.8631,2.93238,3.31805,55.939,1
247,4.12468,1.44596,-2.21679,1.07524,2.08958,0.72692,1.3959,1.4749,2.10352,2.05811,2.65411,4.71114,1.00226,0.79305,0.89653,3.6864,19.253,1
248,3.62292,0.3802,-2.71765,3.34345,4.39965,2.99944,1.72259,0.52594,4.17759,0.47329,3.0559,5.21095,-0.10424,-0.34647,1.917,0.92736,38.564,1
249,3.34506,1.19917,-2.77037,0.29811,1.19884,-1.27157,-0.34793,1.26151,2.2959,1.87456,2.92533,4.33409,0.65118,0.66238,0.42561,5.94925,12.641,1
250,3.40164,1.02009,-2.06879,2.43212,3.20524,1.82664,0.06185,0.84105,2.23085,0.60957,3.36047,5.38656,0.25521,0.13763,1.10495,6.10582,33.884,1
251,4.30004,1.03054,-3.41087,4.1594,4.87905,3.36336,1.60069,1.60807,3.4238,1.02568,2.92727,5.48907,0.10601,0.37729,1.80161,4.05308,75.411,1
252,3.08874,1.33744,-2.46978,1.50296,2.41685,0.77463,1.40386,1.85613,3.25568,1.46668,2.90674,5.42691,0.45991,0.34863,1.43157,1.69385,47.464,1
253,3.6881,0.2094,-2.85247,1.48856,2.5166,0.6236,-0.15427,1.75057,3.90197,1.7842,3.15608,5.47977,0.77591,1.0614,1.32035,3.57429,61.454,1
254,2.41881,0.34039,-1.06618,0.16697,0.94223,-0.47246,1.8482,1.67797,2.12479,1.9301,3.11328,4.98966,0.90544,0.90206,1.40807,2.04669,11.417,1
255,2.32085,0.67518,-2.07195,-0.52891,0.60598,-1.00543,1.32443,1.8566,3.12085,2.11399,2.87189,5.293,0.19514,0.56655,1.21872,1.4066,14.244,1
256,3.68625,0.74091,-2.23826,1.79694,2.95436,2.31379,1.76861,1.02405,2.55581,0.7505,3.51503,4.82783,0.1743,0.18922,1.73682,2.20215,30.514,1
257,3.46364,-0.18352,-2.52849,1.13425,1.93139,-0.82769,-0.40674,0.4288,1.95861,1.32505,2.8218,4.75489,0.54974,0.51024,1.34248,2.07805,28.205,1
258,3.83,1.32048,-1.42297,0.43409,1.77048,0.30236,1.22915,1.05042,2.75941,1.67438,4.04585,6.71279,0.8449,0.86023,1.6017,0.11073,44.285,1
259,2.8668,1.14476,-1.88687,0.46088,1.52557,-0.35783,-0.00857,1.3938,1.99925,1.18933,2.38542,4.25047,0.21991,0.50824,0.63408,2.92689,22.545,1
260,3.49435,1.7761,-1.56089,1.59091,2.61436,0.43954,1.55713,1.61893,2.51684,0.8679,4.08815,5.42766,0.31552,0.34301,2.36854,1.20446,26.398,1
261,3.61918,0.26519,-3.34066,-0.46395,0.77746,-1.05495,-1.19423,0.56754,2.65885,0.7475,3.22348,4.65071,0.52067,0.5128,0.74082,5.21816,8.15,1
262,3.56362,1.63073,-1.62544,2.85206,3.60792,2.16283,2.16428,1.82922,3.21963,1.99452,5.16666,6.34455,0.65774,0.73141,1.72632,1.90775,44.076,1
263,2.87939,1.56584,-1.66238,-0.48779,0.85657,-0.01573,0.23227,1.26216,2.96507,1.18858,2.04582,4.0173,1.47302,1.50394,1.83107,2.27228,11.807,1
264,3.93691,1.75877,-1.51979,-0.65181,0.2679,-1.70989,-0.18587,1.8762,2.29213,1.29926,2.75486,5.23454,0.78422,0.79663,0.70892,0.5309,10.788,1
265,3.91968,1.54298,-2.71886,0.83756,2.03685,0.07872,0.00854,0.99306,2.41702,0.95916,3.91493,5.09126,0.20725,0.18508,1.01082,2.55386,7.356,1
266,3.37207,0.06252,-1.88422,-1.39606,-0.32133,-2.65458,-0.07902,0.97293,0.49818,0.91392,1.83509,4.04175,0.20584,0.61669,-0.39564,2.94041,-1.73,1
267,3.78091,1.74413,-3.30296,2.61934,3.27684,1.43569,0.89873,1.00681,1.82874,0.72372,2.77807,5.41301,-0.03111,0.10034,0.37304,0.92243,43.748,1
268,3.12823,1.67347,-1.95555,0.52219,1.36581,0.10314,0.0996,1.09779,1.62827,1.88447,3.28221,5.00861,0.56,0.63332,0.55488,3.51712,22.37,1
269,3.92533,1.42806,-1.27367,3.08537,3.9861,2.50346,1.37717,1.47258,2.85595,0.76397,4.24827,5.91471,0.3832,0.47854,1.34382,2.25798,32.598,1
270,3.6071,1.4247,-2.9673,0.01541,0.93653,-0.80932,0.12396,0.14233,1.68377,0.6119,2.68092,4.48285,0.11525,0.23941,0.834,-1.15453,-9.142,1
271,4.22393,0.36309,-2.94112,2.93213,4.0836,2.88178,1.95162,1.06941,3.28201,1.28715,3.44359,5.52947,0.54505,0.72237,2.25369,2.74266,50.012,1
272,3.52318,0.70086,-2.9386,0.73159,1.36563,-0.5859,0.49087,1.65516,2.5405,1.3976,3.02778,5.40165,-0.02975,0.14003,1.00641,3.91445,32.447,1
273,3.3283,0.24119,-2.3413,-0.8053,0.59664,-1.71438,-0.71856,0.69025,1.27857,0.56183,2.39773,4.33217,0.19834,0.37932,-0.02305,2.50465,8.585,1
274,3.32999,1.76282,-0.92175,-1.21234,-0.16994,-2.24107,-0.71774,0.22576,0.84877,0.88767,1.83482,4.6876,0.44014,0.58466,0.54086,-0.11966,-3.77,1
275,3.18791,0.03044,-2.53783,-0.14415,0.91533,-1.35831,-0.06422,0.99249,1.36126,0.5159,2.99342,4.58472,0.09036,0.29543,0.25292,1.80981,44.061,1
276,3.42047,0.87609,-2.69291,0.50403,1.32105,-0.07245,1.41423,1.56089,2.04072,1.62011,2.32169,4.63981,0.69962,0.70983,0.36552,-0.02465,21.371,1
277,4.08287,0.05302,-1.77062,2.11451,3.08739,1.80941,0.41789,0.75383,3.07145,1.07357,3.47953,5.19286,0.3882,0.45817,1.65251,1.17772,34.781,1
278,3.13516,0.59169,-3.11698,1.54135,2.24318,-0.02551,-1.20795,0.8899,2.53824,1.876,2.56068,5.30552,0.13844,0.44285,1.04042,3.14454,27.702,1
279,2.75929,1.60904,-2.75109,-0.19171,1.35771,-1.19749,-0.11179,1.36823,2.14751,1.53768,3.31009,5.5445,0.4073,0.55394,0.62861,1.24166,8.576,1
280,3.61949,1.35709,-3.00638,-0.63683,0.33031,-2.28061,0.12182,0.86331,1.50973,1.47911,2.45004,3.64471,0.49305,0.46728,0.649,0.84834,7.066,1
281,3.5925,0.6455,-2.65794,3.5134,4.32665,2.84362,1.1602,1.5827,3.58198,1.82896,3.81513,5.5479,0.21823,0.00453,1.91666,2.40977,62.13,1
282,3.21899,0.62233,-2.59095,2.89251,3.91111,1.126,3.16165,2.02338,3.03873,1.41427,2.86419,5.31461,0.08584,0.11317,1.06163,0.83883,37.693,1
283,3.32756,0.79899,-1.94806,-1.32861,-0.35444,-2.62868,0.00831,1.68823,1.75412,1.47821,3.65128,5.8877,0.96723,1.1496,0.5086,0.1319,-5.764,1
284,3.89952,0.56502,-2.79476,1.13807,1.77153,-0.30284,1.38994,0.35219,1.76706,0.50312,2.83392,5.21939,-0.48087,-0.15514,0.83328,0.89973,28.447,1
285,4.06427,1.08305,-0.75229,4.44994,5.64583,4.84849,2.45426,2.10466,4.47437,1.71844,3.77799,6.04175,0.72628,0.89136,2.32805,2.66564,77.805,1
286,3.71444,0.9926,-3.14636,1.10935,2.07607,-0.62496,0.22264,0.66408,2.12448,0.58872,3.43279,5.09789,-0.16025,0.06853,0.81812,2.26821,24.803,1
287,4.09628,2.45651,-2.61554,1.38447,2.22548,0.66375,1.08421,1.18502,3.66355,2.05939,3.19135,5.88994,0.41297,0.32864,2.03498,2.9772,37.981,1
288,3.54719,1.81162,-1.70363,3.22463,4.38498,2.81927,3.29172,1.39585,3.02313,1.43665,3.11527,5.9348,0.47457,0.56529,1.8337,4.0208,75.323,1
289,3.85988,0.83952,-2.50007,1.38911,2.24161,0.01133,1.02021,1.05206,3.44697,2.0368,4.48085,6.15706,0.84153,0.82629,2.17957,1.76839,23.445,1
290,3.17563,0.15636,-1.72339,-0.08686,1.03046,-0.69854,0.18072,0.89955,1.48964,1.06772,1.72707,4.33028,0.18025,0.40916,0.97822,0.27849,19.539,1
291,3.14647,1.21381,-2.46472,-0.46471,0.54132,-1.56131,0.29689,0.17557,2.02937,0.30484,2.42338,4.41928,-0.255,-0.18577,0.39274,1.09372,17.909,1
292,4.33889,0.40905,-2.1758,2.1279,3.11491,1.29544,0.3355,0.38475,2.96096,0.72552,2.41628,5.318,-0.12364,0.11947,1.14846,1.46495,60.613,1
293,3.13081,0.04946,-3.25964,0.76936,1.96507,-0.46393,-0.09087,1.22009,2.24183,1.28802,1.96009,5.30604,0.54219,0.44761,1.11392,2.23288,24.465,1
294,3.39781,1.73589,-3.21358,0.40251,1.42747,-0.79701,-0.44579,0.47206,0.55904,0.28934,1.99525,3.8477,0.20665,0.22168,-0.06144,2.97889,14.636,1
295,3.25036,1.07876,-1.48139,0.70704,1.77294,-0.19888,-0.09721,1.17947,3.35688,0.84508,3.48735,5.17114,0.38064,0.36327,0.86935,4.0686,17.812,1
296,3.44719,0.57044,-1.64689,-0.1819,0.86909,-0.58903,0.06106,1.38483,1.79073,1.68887,2.91238,4.76676,0.54846,0.73444,0.25014,2.4357,24.841,1
297,3.28326,1.15542,-3.1359,-0.14524,1.04442,-0.52802,0.44433,1.29323,2.67392,1.15268,2.56009,4.95051,0.56287,0.33907,0.51228,3.39891,22.694,1
298,2.90775,1.05696,-2.60815,0.15955,1.40838,0.75889,1.14155,1.98299,2.76064,1.73868,2.93718,5.35714,0.23116,0.21891,1.17128,0.39977,24.513,1
299,3.54923,1.20926,-2.27221,0.03882,0.85075,-1.41045,0.47312,1.25029,1.43388,1.49352,3.01589,4.90375,0.90878,0.82775,0.62622,2.45936,12.444,1
300,3.51251,0.9242,-1.84731,1.08988,2.15599,0.25202,0.81436,1.71893,1.93139,1.66143,3.32677,5.05644,0.3783,0.6519,1.58439,2.61255,11.121,1
301,3.90802,0.34762,-2.59099,1.47012,2.37079,-0.02701,0.56443,2.38939,3.28355,2.3591,4.61904,6.83593,0.96493,0.96123,1.29787,1.0267,34.1,1
302,3.63508,1.47105,-1.89822,-0.86733,0.39463,-1.56146,0.2265,1.36266,1.66161,1.29447,2.92979,4.85468,0.87205,1.00149,0.36375,1.02545,14.348,1
303,3.43879,1.29028,-2.04118,0.63063,1.66471,0.17086,0.69299,1.36603,2.70655,1.41218,2.8079,5.07752,0.34055,0.60694,0.8547,3.75153,38.268,1
304,3.43394,0.22396,-2.31384,2.42802,3.53124,2.3116,1.32266,0.25871,1.79647,0.68311,2.70552,4.97965,0.1538,0.22237,0.80426,2.06906,43.176,1
305,3.02679,0.92559,-2.10989,-0.02974,1.27787,-1.08343,1.42945,0.81952,0.96662,1.06603,2.42749,4.51851,0.60005,0.431,0.8474,0.09671,3.141,1
306,4.06091,0.98709,-3.39769,2.45357,3.57914,2.26774,2.51863,1.81551,4.53043,1.75159,4.42688,7.21565,0.49291,0.48272,2.1379,1.97743,52.572,1
307,4.22256,0.42938,-3.23095,1.59394,2.80099,-0.05667,1.66487,0.72518,3.21211,1.20823,2.9496,4.58051,0.38786,0.39573,1.89461,5.6468,50.853,1
308,3.68953,1.10426,-1.04737,1.58377,2.73461,1.13076,1.72001,1.41611,4.0268,1.31155,2.85026,5.29753,0.40765,0.44215,2.10233,3.89592,21.968,1
309,3.33993,0.57608,-0.8923,0.90593,1.78563,-0.03502,-0.16972,1.27586,2.11708,1.01356,2.6893,5.11298,0.655,0.66541,1.19596,3.68427,23.444,1
310,3.5479,0.79908,-2.36839,4.79025,5.4997,3.98073,2.20662,2.26496,4.72542,2.1092,3.43307,6.54206,0.1611,0.5644,2.23277,1.06748,79.175,1
311,3.45679,0.56193,-2.3682,0.81468,1.62836,-0.28,0.49683,0.71554,3.15244,1.02679,3.18761,5.56028,0.21984,0.2345,1.06765,1.5919,26.536,1
312,3.48458,1.18656,-0.91426,3.36525,4.26316,2.30248,1.76943,2.46487,4.05938,2.1437,3.82385,6.1552,0.79476,1.05844,2.3546,-0.02567,64.36,1
313,3.29023,1.5595,-2.314,0.10931,1.36979,-0.7742,-0.45557,1.04986,1.76597,0.65065,2.52422,4.40486,0.10176,0.4091,1.38812,2.42787,12.902,1
314,3.54789,1.85615,-2.32606,1.58309,2.82102,0.41007,0.77675,1.09419,3.70558,1.80245,2.76392,5.12895,0.96961,1.08852,1.74211,2.07282,27.464,1
315,3.12375,0.47761,-2.32031,2.04248,2.8358,0.8714,2.13806,1.82392,4.06363,1.58577,4.53756,6.76802,0.71293,0.60147,1.87266,5.00213,50.021,1
316,4.32467,1.45971,-1.22977,1.1084,2.23224,1.22734,1.46278,1.16488,2.89439,0.98019,4.35181,6.22813,0.30459,0.29961,0.97558,1.15512,25.351,1
317,4.3178,1.33416,-2.6028,3.55419,4.47721,2.71945,2.92312,2.02665,5.23436,1.18623,4.67243,7.19957,0.00235,-0.06926,3.29863,0.97807,83.103,1
318,3.71846,1.54415,-1.42288,-0.15085,1.02304,-0.22309,0.61081,1.06787,1.50177,1.71628,2.28479,4.22042,0.89454,0.89393,0.26106,3.91358,2.467,1
319,3.64627,1.40858,-1.9604,-0.63988,0.49213,-1.31758,-0.93148,1.39508,2.3194,1.17262,3.11875,5.36097,0.12475,0.27712,0.25071,4.09025,11.647,1
320,3.38369,1.49383,-2.32265,0.63937,1.93078,-0.75071,0.76729,0.69335,1.65389,0.89282,2.75169,4.4837,0.00936,0.14174,0.10685,1.0576,30.935,1
321,4.05779,0.17964,-2.83902,2.34645,3.5895,1.16189,0.46218,0.88856,2.13726,1.26188,2.37983,5.22003,0.1327,0.22979,1.3418,2.22225,10.471,1
322,2.7017,0.43752,-3.25919,0.66179,1.55516,-0.43763,0.76344,1.64323,2.38713,2.04565,3.46473,5.26819,0.65952,0.60785,0.70981,0.87413,14.915,1
323,3.13848,1.0707,-2.30064,-0.02325,0.69774,-0.44251,0.11729,1.8387,2.01605,1.17919,2.43495,4.32935,0.26072,0.22252,0.91132,-0.79478,8.973,1
324,4.30307,2.07643,-1.35563,2.00913,3.34362,1.12168,2.07323,1.32122,4.77541,1.85049,5.26064,7.17557,0.59253,0.28672,2.4099,1.82351,54.249,1
325,3.99758,1.41076,-2.3199,2.66852,3.70453,2.00689,2.73735,2.21727,4.03382,1.84677,3.58058,5.36704,0.41267,0.65846,1.40485,1.98254,60.141,1
326,3.32682,0.76117,-2.34888,-0.2859,0.51342,-1.94419,1.5,1.03636,2.25982,0.68002,2.706,4.29458,0.47164,0.59952,0.82507,3.90095,9.812,1
327,3.45269,1.51275,-2.05862,0.61361,1.80781,0.33165,0.79859,0.79176,1.68093,0.52335,2.02804,4.51934,0.24609,0.48061,-0.21177,1.3124,13.272,1
328,3.86751,0.52038,-1.14711,1.12928,2.42782,-0.19624,1.02701,1.77317,2.31812,1.32095,3.97748,6.1307,0.71732,0.92416,0.77626,0.6485,17.521,1
329,3.87788,1.42834,-2.49869,1.66256,2.61119,1.42153,2.68885,1.14798,3.88291,1.68808,3.36023,5.32695,0.4463,0.5779,1.29922,0.21573,31.531,1
330,3.64048,2.35196,-1.34555,1.51698,2.51833,0.2762,0.59689,1.34137,2.61826,1.25343,2.78344,5.01767,0.6257,0.78329,0.85624,4.02334,20.4,1
331,5.22409,0.55948,-2.44444,1.05129,1.87979,0.46766,0.81357,0.44526,3.48148,0.50039,3.39905,5.71785,0.16589,0.10021,1.73774,0.94676,34.387,1
332,3.42257,0.64984,-2.20461,0.80705,1.91345,0.77968,1.19316,1.04728,2.66735,0.89266,3.84073,5.83252,0.40926,0.35423,0.79065,1.16174,18.014,1
333,3.44778,0.87026,-1.9431,2.37545,3.51991,0.43337,0.5055,2.18018,3.4446,1.94869,4.03727,6.00612,0.79341,0.86811,1.01565,2.56722,33.169,1
334,3.87137,0.94861,-2.14103,2.29783,3.42227,1.88381,1.9928,1.5348,3.4314,1.19462,3.41753,5.58947,0.16076,0.26221,1.46093,2.53102,54.828,1
335,3.09261,1.24043,-2.05044,1.86146,3.00849,1.85418,0.91359,1.29582,2.51448,1.28959,2.75292,4.66528,0.41802,0.57889,1.1441,3.62651,9.612,1
336,3.34711,0.37528,-2.18845,1.4731,2.2522,0.71048,0.72134,1.85228,2.45851,2.16768,3.2252,5.4183,0.66695,0.78372,1.84793,0.58117,36.545,1
337,3.15961,0.85625,-2.54517,-0.84089,0.51074,-1.11097,-1.69328,1.30716,0.92165,0.90455,3.39684,4.68334,0.41719,0.57363,-0.0725,4.07282,20.868,1
338,3.26488,1.28499,-2.04302,-0.24435,0.88863,-0.69858,0.72537,1.18932,2.39735,0.95603,3.14224,5.38394,0.48382,0.55003,0.99573,3.80876,5.777,1
339,3.15209,0.81513,-1.23834,1.55786,2.93426,1.11744,1.65147,1.19314,3.12164,0.68537,2.2892,5.26778,0.57219,0.57401,1.50597,0.82626,21.068,1
340,3.76786,-0.11086,-2.12791,2.4305,3.57417,2.88009,0.52189,1.29272,3.83605,0.89419,3.53665,5.71414,-0.12598,-0.08265,2.21858,2.14738,49.104,1
341,3.92655,1.43227,-1.05597,2.77568,3.73906,2.24575,1.88179,2.39331,4.30483,2.51109,4.48016,5.69277,0.65992,0.70317,1.59483,0.80766,51.569,1
342,4.16412,0.24812,-2.62953,2.13284,3.20822,1.80492,1.1902,1.67885,2.86158,1.73818,4.17268,6.20325,0.37536,0.28801,1.7941,0.46557,55.037,1
343,2.93427,1.27613,-2.53725,-0.03747,0.77747,-1.42254,-1.40747,0.73307,1.51867,0.52556,2.22966,4.63429,0.02615,0.2755,-0.93865,0.71552,-10.341,1
344,2.66783,1.43828,-1.66619,0.22523,1.12591,-0.69584,1.04367,1.0174,1.45752,0.74619,1.61521,5.05893,0.24682,0.54053,0.86775,-0.91259,16.961,1
345,3.28983,0.3151,-3.0254,0.7207,1.57244,0.38778,0.73603,1.45713,2.44851,1.69465,3.68253,5.79628,0.00414,0.33533,0.88708,1.28077,34.888,1
346,3.3453,0.23903,-2.2656,1.8289,2.86088,0.96068,0.82399,0.55992,2.94078,1.22461,2.36688,5.11247,0.06983,-0.03072,0.57948,1.31273,42.216,1
347,3.45894,0.73659,-1.91661,3.27207,4.25668,2.82399,0.98832,2.36527,3.58964,2.28925,3.42874,6.56259,1.14296,1.24563,2.49248,3.15793,66.313,1
348,4.63755,0.96096,-2.21464,1.59477,2.4,1.06982,0.09777,1.87976,2.6379,1.42358,3.36668,5.50995,0.3442,0.3911,1.183,3.07182,23.724,1
349,2.91741,1.56215,-2.53578,0.03012,1.11598,-1.47126,-1.20735,1.22288,1.57077,1.38964,2.73182,4.29079,0.64837,0.66279,1.59411,-0.04284,8.169,1
350,2.90525,0.18212,-2.91242,0.76449,1.92527,0.342,0.28454,1.57462,2.9884,1.91322,4.49327,5.8819,0.55422,0.35887,1.47369,-1.58695,19.709,1
351,4.02049,1.42838,-2.04843,1.01884,2.09916,0.228,0.99859,1.49974,3.20375,1.38795,2.96689,4.87629,-0.12496,0.02298,0.8825,1.2453,38.866,1
352,3.82781,0.99785,-1.15875,1.41036,2.09013,1.00659,0.84988,1.06172,2.80267,1.10166,3.77024,5.53149,0.64715,0.93752,1.23109,1.10001,33.362,1
353,2.64412,1.1575,-2.53807,0.52946,1.53104,-0.33675,0.46711,1.05611,2.56736,0.93419,3.73532,4.66171,0.70885,0.76048,0.82522,1.05612,5.013,1
354,4.07437,0.87877,-2.3631,2.79129,3.82956,1.93287,0.54212,1.28731,3.49496,1.79495,2.86043,5.06056,0.37698,0.44801,1.64503,-0.27981,40.303,1
355,3.62108,-0.46285,-3.35494,1.14308,2.22449,-0.04034,0.13231,1.01067,2.94899,0.25033,2.72211,4.66574,-0.00079,0.11479,0.86506,2.91826,43.418,1
356,2.66492,0.13368,-2.8867,2.31696,3.37111,1.80237,0.16655,1.41012,2.90873,1.77635,3.02305,4.86954,0.3681,0.419,2.15631,4.67302,42.255,1
357,2.99281,1.50605,-2.40079,0.98143,2.19712,0.11704,0.41911,1.15218,1.94775,1.03014,1.0767,3.19521,1.13413,0.86205,1.09194,1.00341,5.554,1
358,3.392,0.37622,-2.07196,2.44905,3.74713,1.97619,2.10683,1.24473,3.00613,0.60035,3.73561,5.70348,0.31623,0.41513,1.51914,0.31813,35.715,1
359,3.93599,0.97319,-3.05149,0.86319,2.12137,-0.38771,2.06679,1.73111,3.64731,2.11376,3.60578,5.26472,0.80251,0.87019,1.45894,-0.3622,37.923,1
360,3.78788,1.29853,-2.4905,1.60351,2.58211,0.37467,1.67962,2.21942,2.60229,2.18013,4.09974,6.27553,0.60288,0.43471,1.14509,0.13195,7.373,1
361,2.42218,-0.07128,-1.64991,-0.08486,0.82868,-1.57305,0.87373,0.9538,0.84735,1.16168,2.98938,4.37172,0.61432,0.5148,0.4761,1.63827,8.051,1
362,4.19501,1.15506,-3.11201,-0.92439,0.17665,-1.80551,-0.00209,1.45957,1.74319,1.84242,2.34388,4.81491,0.29896,0.4872,1.09321,0.92086,9.205,1
363,2.66373,1.10142,-2.74727,0.62606,1.46721,-0.22237,-0.19607,0.95828,2.66413,0.96037,2.90781,4.80704,0.54712,0.91312,1.40578,2.09142,17.743,1
364,3.44114,1.33949,-2.0246,1.24738,2.25886,-0.03857,0.8162,1.32637,3.33334,1.67886,3.27573,4.91172,0.33307,0.35207,1.41471,4.1651,37.829,1
365,4.13983,0.62767,-2.52579,2.82111,3.48123,1.66184,1.48491,0.76096,2.99953,0.51514,2.02443,4.87452,0.42326,0.36742,2.01452,4.50636,41.283,1
366,3.87503,2.21709,-2.08509,2.96759,4.21033,2.81051,2.53149,1.466,3.25516,1.23084,3.63358,5.77292,0.37483,0.39706,2.04937,3.93078,58.237,1
367,3.68919,1.01199,-3.40146,-0.27317,0.94794,-1.35623,0.46269,1.12795,0.92434,1.03043,1.76967,4.08285,0.29559,0.28503,0.86322,3.98994,-2.227,1
368,4.31402,0.78632,-2.58658,0.91605,2.02733,0.48061,0.26686,1.58237,2.72691,2.15812,3.18455,5.40163,0.96703,1.0132,1.82947,5.09044,30.858,1
369,4.18482,0.26699,-4.00992,1.09336,1.70417,0.03882,1.55854,0.78572,2.72522,0.65754,2.59918,5.01485,0.14682,0.18977,1.32679,2.67383,13.693,1
370,3.33101,0.68014,-2.47838,0.72828,1.54952,-0.09832,0.83004,1.09347,3.03661,0.86026,2.67051,4.03855,0.38063,0.41744,1.10083,0.04355,15.975,1
371,4.05878,0.8741,-2.55736,1.39144,2.44702,0.42137,1.05134,1.52236,2.88365,0.96767,3.83002,5.335,-0.30254,0.20933,2.1768,2.0571,37.693,1
372,3.58848,1.47358,-3.6813,2.62082,3.59939,1.84662,2.35014,1.6312,3.33325,1.13091,3.67688,5.18796,0.3508,0.6378,2.45547,-0.49315,56.55,1
373,4.12564,1.17053,-2.52021,2.73302,3.8521,1.38652,3.15354,2.34426,3.43388,1.95735,4.13304,6.11446,0.84991,0.8477,2.39339,2.60143,57.995,1
374,3.93756,1.44621,-2.77196,2.59176,3.48879,1.63405,1.49433,1.04371,2.52417,0.44909,3.19214,5.6233,0.31046,0.6453,1.17793,4.25881,46.221,1
375,3.86913,0.12455,-1.99871,5.28648,6.36153,4.69704,2.2531,1.6338,4.14932,1.3216,3.40858,6.1694,0.00829,0.00669,2.53237,0.19447,80.352,1
376,4.62232,0.63262,-3.45115,1.40886,2.40563,0.59723,0.61884,0.87471,2.24446,0.63681,3.24302,5.25981,0.11131,0.01425,0.69392,0.24306,26.725,1
377,3.35966,1.21339,-1.86187,0.86698,2.09638,1.12257,-0.08859,1.39531,3.07673,1.36682,3.50936,6.14153,0.31098,0.27149,0.99326,3.58017,14.786,1
378,3.36456,1.02453,-2.31031,-0.12905,0.71017,-1.45696,0.49064,1.45024,1.75457,1.81975,2.76519,4.09505,0.97756,1.05543,1.09672,4.4637,-3.585,1
379,2.86358,1.00959,-2.06358,2.69729,4.01258,2.01378,2.24957,0.93602,4.08112,1.20481,3.80402,6.036,0.44256,0.70611,1.99374,2.94425,44.175,1
380,3.47382,1.53934,-2.95144,-0.99087,0.26705,-1.90351,0.99088,1.84601,0.714,1.51093,1.92435,3.99034,0.66278,1.22251,0.58215,1.25767,6.442,1
381,3.29113,0.4386,-2.08349,2.01344,2.93269,1.37183,0.96372,1.62262,3.42915,1.8735,3.12246,5.18446,0.21538,0.5089,1.39462,2.08007,41.724,1
382,3.33445,1.76677,-0.42532,2.56811,3.44877,2.8338,0.87009,1.76693,3.62285,1.95318,1.92239,5.67127,1.04575,1.06208,1.95816,1.04462,53.105,1
383,2.67127,0.52762,-1.95846,-1.0919,-0.0937,-2.18372,-0.07155,1.15179,1.86895,1.4362,3.87033,5.33986,0.59648,0.62238,0.2235,3.34353,-3.997,1
384,3.85684,0.53646,-1.62141,0.17596,1.05716,0.31173,0.6396,1.40448,1.35886,1.66238,2.80647,5.05903,0.30163,0.67146,1.03715,4.51967,15.209,1
385,3.19971,1.343,-1.48229,2.36508,3.24178,2.19734,1.93519,1.87151,3.33285,2.12237,2.75775,5.17744,0.19994,0.2429,2.13726,0.2406,49.016,1
386,4.45545,1.86032,-1.43539,4.39939,5.26872,3.93238,1.6724,1.22133,5.1845,0.74445,4.36039,5.92815,0.19572,0.05198,2.25676,2.05496,64.18,1
387,3.52804,1.28217,-4.32176,1.91323,2.58095,1.3075,0.12726,0.21613,2.95789,0.77478,3.17071,5.36855,0.14254,0.17927,1.63643,4.75143,41.286,1
388,4.25009,1.44331,-0.4333,0.19585,1.18506,-0.8446,0.39925,0.61957,1.76773,0.39003,2.16989,4.2417,0.40255,0.56718,0.50646,2.55928,5.934,1
389,3.0226,0.5337,-1.87937,1.35021,2.06021,-0.04856,0.62407,0.89187,2.66451,1.11663,1.88004,3.64159,0.58269,0.54003,1.13166,4.14281,23.981,1
390,2.24626,2.66081,-1.10644,-0.98257,0.22265,-1.40329,-0.6759,1.24963,0.53955,1.31224,2.67246,4.84985,1.49435,1.3506,0.34562,-1.60625,-27.777,1
391,4.03443,1.57337,-2.73105,1.4514,2.2406,0.95784,0.12439,1.39408,1.99964,1.4855,3.86244,5.39093,0.4974,0.26229,1.17092,2.14591,37.442,1
392,4.70142,1.99855,-1.62178,2.56624,3.75689,2.47347,1.26204,1.92412,3.63879,0.90946,3.657,5.9018,0.42014,0.37114,1.76717,0.61544,49.705,1
393,4.11424,0.09319,-0.97085,2.45868,3.46905,1.54234,1.55554,0.76466,3.25123,0.78226,3.92485,5.46978,0.04691,0.15653,1.35234,3.05352,50.917,1
394,4.19755,1.54931,-2.08518,1.70737,3.0357,0.82451,0.46547,0.54635,3.42957,1.8041,4.37446,6.05431,0.53898,0.65704,1.96724,4.16009,53.327,1
395,4.84113,0.88516,-2.56807,2.68663,3.70604,2.13257,0.85923,0.99514,2.88344,1.13965,3.15758,4.56107,-0.08033,0.1227,1.46131,2.45939,41.171,1
396,3.12649,0.75013,-0.76058,1.73721,2.70944,1.27528,1.48,1.68169,3.93838,2.14569,3.55494,5.44836,0.94422,0.97532,1.4859,2.08402,47.556,1
397,3.32583,1.1761,-2.64691,-0.01916,0.96587,-0.9748,-0.81192,1.07252,1.36335,1.51148,3.71517,5.4467,0.55622,0.51509,0.27704,5.46571,30.271,1
398,4.21132,1.56028,-2.36331,1.39493,2.66552,1.2379,1.63257,1.1306,2.84437,1.00539,2.46584,4.95671,0.58589,0.49106,2.22913,2.9554,56.879,1
399,3.04808,1.05067,-1.2687,-1.05978,0.42351,-2.40115,0.64129,1.56282,0.88128,1.66003,2.28295,4.18439,0.69486,0.84924,0.38298,2.20347,3.463,1
400,2.96746,-0.36689,-2.84313,-2.16476,-1.27529,-3.35574,-0.1155,0.4523,0.70034,0.99453,1.17318,3.47878,0.03773,0.16469,-0.21992,2.73028,-16.703,1
401,3.46202,0.11407,-2.99091,1.70842,2.71193,1.02886,0.42649,0.93157,2.15165,0.7147,2.68381,5.509,0.1307,0.1395,0.75237,3.17626,28.534,1
402,3.8549,1.41746,-1.31712,1.63091,2.54995,0.64609,0.28513,1.08841,2.18676,0.88686,2.55381,4.66712,0.51865,0.86554,1.21026,4.20919,27.934,1
403,5.09221,1.66367,-2.87798,3.65142,4.78345,3.73737,1.73151,2.89055,4.98002,2.65978,5.03305,6.79028,0.70227,0.47091,2.79013,4.86512,82.811,1
404,3.17292,0.45997,-1.07684,-1.23922,-0.45115,-2.69883,-0.77103,0.36287,1.00973,0.68579,2.81698,4.15459,0.62468,0.52019,0.84544,2.06134,-30.143,1
405,3.33667,2.33549,-2.59734,2.3601,3.65433,2.74899,-0.23808,0.41645,2.37421,0.61854,3.15886,4.98291,0.39754,0.42094,1.17131,2.10543,39.951,1
406,3.83538,0.75177,-2.75521,1.09374,1.85119,-0.25747,-0.81918,1.77732,2.81254,1.89649,3.86256,5.58229,0.28035,0.36712,1.29175,3.02932,54.313,1
407,2.74931,0.89107,-2.0367,0.05302,1.10342,-0.14996,1.43827,0.70109,3.09602,0.76835,3.80819,4.72735,0.12603,0.05954,0.48551,4.34036,24.816,1
408,4.04772,1.37804,-2.43732,1.11154,2.03649,0.23234,1.32082,1.80483,1.7772,1.63014,3.32246,5.24773,0.54501,0.78604,0.41032,-2.46569,35.795,1
409,3.74262,0.61918,-3.7021,-0.2061,1.15982,-0.89503,0.00047,-0.03234,1.60125,0.50668,2.67376,4.64328,-0.23258,-0.35451,1.18123,0.13533,27.626,1
410,3.43775,0.36089,-3.36538,0.96265,1.74586,-0.54362,-0.05276,1.07577,2.06416,1.21,1.94979,4.19455,0.34606,0.44956,1.23445,3.67094,24.243,1
411,3.15365,1.60085,-3.50767,0.04303,0.73541,-0.87213,0.78448,0.97048,1.78532,1.01247,2.7788,4.59122,0.70384,0.76795,1.08893,4.44902,19.038,1
412,3.74936,-0.07886,-2.90474,4.71576,5.67147,4.11978,3.17747,2.05917,4.50972,1.29745,4.35218,6.42671,0.63782,0.80926,1.73155,1.14984,67.76,1
413,3.93747,1.29856,-3.1337,0.7083,1.71968,-0.09841,1.44977,1.58831,3.53178,1.82759,3.03716,5.44386,0.79294,0.73152,1.37109,-0.91362,20.724,1
414,2.81205,1.46356,-1.26804,0.61244,1.76442,-0.16032,-1.33158,0.51832,1.13907,0.05923,2.16105,4.68523,0.22281,0.21729,-0.30438,2.48132,7.247,1
415,3.60249,1.70843,-1.14669,-0.3538,0.71054,-1.15967,0.75416,1.60038,1.34478,1.0848,3.76029,5.36135,0.95542,0.78398,0.23576,4.04806,9.012,1
416,3.51703,1.92316,-2.17029,1.89607,2.8527,1.1733,1.79558,1.24291,2.75905,0.9198,1.69199,4.25514,0.16903,0.09235,1.75953,0.24042,34.183,1
417,3.9192,0.52008,-0.61233,3.32662,4.08163,3.05933,1.35487,2.0669,3.49162,1.0819,4.05545,5.98867,0.81437,0.74801,2.2354,2.96367,54.94,1
418,4.49417,0.2422,-3.19377,-0.72668,0.72801,-1.36286,1.00968,1.33602,2.34149,0.9314,2.32757,4.49584,0.46476,0.35032,1.44682,1.85011,15.653,1
419,3.29936,1.01524,-1.77662,1.41259,2.26525,0.75093,0.77842,1.96211,1.91468,1.32861,3.4987,5.6463,0.60032,0.63692,1.04987,3.2311,29.921,1
420,3.8367,0.5401,-3.18061,1.88759,3.08063,0.8154,1.61098,1.35446,2.62914,1.98422,4.00307,6.11538,0.23723,0.2304,0.94684,2.31138,34.367,1
421,4.19173,-0.42249,-2.31421,0.47695,1.99052,-0.18573,0.81617,1.36205,2.28879,1.58701,4.3565,6.51666,0.62704,0.6587,1.42618,3.32314,21.27,1
422,3.88677,2.30101,-1.58703,1.95387,3.25903,1.20234,1.17702,1.51413,2.73276,1.52653,2.93514,5.47139,1.08648,1.01495,1.42628,1.02776,29.509,1
423,4.172,2.23541,-1.54933,2.62396,3.71117,2.04622,1.54297,1.93744,4.03931,2.31006,3.73111,6.35202,1.13734,0.97573,2.37677,1.42438,40.207,1
424,3.27781,1.06397,-2.51402,0.1831,1.47479,-1.5234,0.85105,1.39119,2.51371,1.98038,2.87524,4.77486,0.88862,0.77938,1.21506,0.52932,-6.888,1
425,4.1941,-0.04188,-2.74863,1.53391,2.84365,-0.1087,-0.20176,0.70609,2.06318,1.55935,2.86352,5.45003,0.19972,0.24911,1.48599,2.12748,17.847,1
426,3.65228,0.29829,-2.99995,0.35333,1.69616,0.00383,0.52504,0.76758,3.16106,0.68353,2.3988,5.80909,0.5014,0.51273,1.21612,2.26667,34.827,1
427,4.45185,1.50651,-2.65222,3.5998,4.39658,2.71651,2.27218,0.22035,4.00225,0.4357,3.93559,6.69829,-0.31781,-0.33496,1.33659,2.75281,63.293,1
428,3.26722,2.6137,-0.30438,0.76034,1.98962,0.51324,0.94914,1.34191,1.98249,1.28908,3.79665,5.51717,0.49361,0.69834,0.77003,1.85051,14.852,1
429,3.39265,1.80375,-1.58256,-0.56496,0.34944,-1.74553,0.95969,0.86724,2.06909,1.46917,3.21824,5.16381,0.13747,0.31201,1.44778,3.43885,12.594,1
430,3.13754,2.28213,-1.29117,0.74006,1.66664,-0.95793,0.28653,1.29738,2.44487,1.29914,2.57346,4.81022,0.96417,0.92352,1.17593,1.85442,2.061,1
431,3.95509,0.69839,-1.81274,0.84685,1.93318,-0.47701,0.29713,0.60106,2.17675,1.17741,2.28359,5.18281,-0.1476,-0.05657,0.73545,0.48542,32.216,1
432,3.61093,0.94645,-2.46249,2.81095,3.77996,1.81988,0.48035,0.82208,3.28231,0.61927,4.30621,6.41691,-0.01681,-0.04608,1.78175,3.80526,62.297,1
433,3.40175,-0.17585,-2.86037,1.80175,2.93755,1.79985,3.30183,1.12361,3.18618,1.4274,4.01966,6.15404,-0.17762,-0.05856,2.0789,-0.24753,56.19,1
434,2.64739,-0.12402,-2.46331,-0.00888,1.18299,-0.83807,-1.51105,0.46123,2.02913,1.14548,2.92773,4.99906,0.02729,-0.03359,0.52576,1.11198,7.812,1
435,3.83266,0.67266,-1.02666,4.17557,4.96057,3.36568,1.52272,1.64605,4.33103,1.29015,3.33545,6.43289,0.64223,0.67193,2.75093,2.59314,63.76,1
436,3.32992,0.27117,-2.21533,1.20909,2.17415,0.21073,-0.88324,0.79973,1.522,0.91634,2.28518,4.14236,0.47086,0.52281,0.1876,4.43573,38.145,1
437,3.44566,2.09205,-2.95563,-0.35155,0.70946,-1.82169,-0.16233,1.10991,1.82607,0.82248,2.5227,4.3719,0.61218,0.66556,0.30462,1.35358,9.864,1
438,2.9656,-0.47424,-2.60802,-0.76276,0.06354,-2.17591,0.5272,1.72607,1.50089,1.87485,3.37434,5.47825,0.69982,0.76914,0.44948,4.94633,5.079,1
439,3.92771,0.49278,-2.6643,3.17153,4.13549,2.34315,0.98379,1.90665,3.53457,1.48054,3.1819,5.7814,0.32861,0.46597,2.03584,4.61413,62.547,1
440,3.66266,1.23208,-2.24074,0.10404,1.13734,-0.68678,0.32429,1.06223,2.29736,1.51147,2.86376,4.27851,0.79,0.73441,0.6647,-1.39795,13.307,1
441,2.98796,1.36307,-2.24629,-0.53025,0.30021,-2.14088,1.1394,0.36552,2.02016,-0.01021,3.36053,5.1373,0.515,0.57533,-0.14945,3.72034,4.927,1
442,3.19127,1.09797,-3.8635,-1.80659,-0.59086,-2.74456,0.31795,1.64078,1.81229,1.82574,2.61688,5.11987,0.32416,0.69251,-0.1308,-2.29083,-0.685,1
443,3.52609,0.92168,-2.00374,2.65542,3.62317,1.53819,0.69519,1.31492,3.426,1.0055,3.25515,5.46593,0.24211,0.31737,1.87287,0.19405,49.519,1
444,3.6581,0.4839,-1.69325,2.98681,3.84841,2.1281,0.74764,1.36926,2.25017,1.33895,3.06055,4.96417,0.34811,0.17352,1.65509,3.12083,47.6,1
445,3.58613,2.49217,-1.66052,1.89789,2.68262,1.11796,1.38131,1.50451,3.11294,1.34322,2.71789,5.8735,0.34539,0.41722,2.02086,1.82481,28.271,1
446,2.89308,0.63985,-1.75368,-0.35541,0.52303,-1.09913,0.37126,0.63575,2.35846,0.76274,3.4001,5.40745,-0.09117,-0.08805,0.39868,2.33227,8.791,1
447,4.20285,0.38583,-3.11482,0.88321,1.74004,-0.18931,0.71982,1.74202,2.28157,1.37893,3.64235,5.54394,0.26423,0.28517,1.31995,3.19894,26.225,1
448,2.31861,2.01206,-2.38136,-0.30631,0.40276,-1.32786,-0.44777,1.50367,1.95234,1.15663,3.15834,4.48495,0.74441,0.8065,1.11604,3.16926,-21.878,1
449,3.87214,1.90103,-2.12609,1.59178,2.60351,0.54553,0.4227,1.93434,3.2767,1.54384,2.96395,5.39738,0.7876,0.98518,1.61846,-0.72749,7.324,1
450,3.75238,1.03989,-1.43256,1.80071,3.00904,1.0577,0.47697,2.06653,2.72967,1.68611,2.58188,5.08967,0.75331,0.81687,1.51608,2.17575,24.617,1
451,3.50979,-0.0194,-1.82651,3.43122,4.45246,3.02644,2.42278,0.86587,3.04906,1.11291,3.41218,5.61839,0.11571,0.08211,1.35598,0.85213,59.81,1
452,2.71262,2.49773,-1.91878,1.79725,2.51834,0.75862,-0.02526,1.37549,1.68446,1.24579,2.62278,4.80296,0.778,0.67745,0.82211,1.36586,27.362,1
453,3.02028,-0.62843,-2.55447,-0.47247,0.82833,-1.60869,-0.21793,0.8202,2.24876,0.08538,3.20456,4.16973,0.32208,0.25798,0.13202,2.22405,25.289,1
454,3.54826,2.03922,-2.49548,0.4314,1.46305,-0.22744,0.80584,0.64276,1.55283,0.98251,2.56297,4.34018,1.09,1.07438,1.16368,1.96196,-3.059,1
455,3.1594,-0.57048,-2.37647,1.62267,2.67501,0.71439,1.81235,2.21376,2.56798,1.22346,3.29796,5.14752,0.13692,0.51411,1.82496,3.40153,36.2,1
456,3.07518,0.06206,-2.95273,-0.05951,0.75578,-1.41146,-0.33442,0.09303,1.05537,-0.32806,2.16065,4.8365,-0.06034,0.04462,0.03336,2.69072,13.026,1
457,3.07192,1.43062,-1.70811,0.3132,1.31688,-0.32018,0.80016,1.04919,2.63075,1.4991,3.31246,5.61683,0.65706,0.46653,1.36705,2.71573,21.368,1
458,4.3775,-0.21366,-2.9657,2.46824,3.50832,1.19797,1.81529,0.76558,3.45307,0.82585,3.55325,6.39379,0.00525,0.22782,1.75483,2.04066,72.595,1
459,3.87517,-0.58628,-2.35565,1.90049,2.61738,0.53318,0.32497,0.57484,3.25712,0.7858,2.74829,5.81942,-0.19325,-0.01462,1.09502,1.40163,38.423,1
460,3.23791,1.55484,-1.25649,0.58325,1.66733,0.03906,-0.39719,2.20775,2.5859,1.72079,4.39761,5.86841,1.19948,1.39556,0.8559,0.79639,3.036,1
461,3.61599,2.00199,-1.25629,-0.1793,1.0995,-1.53635,-1.57926,0.93597,1.03843,1.0102,1.93067,3.90132,0.87495,0.9955,0.19679,0.69483,-4.773,1
462,3.69087,1.92526,-1.34854,0.69547,1.8082,-0.2988,1.19402,1.66733,2.53439,1.73323,2.65774,4.3752,0.82744,0.88816,0.9914,2.45075,8.569,1
463,2.92545,1.7913,-3.64238,-2.11405,-1.32672,-3.2958,0.45523,1.13451,0.40834,1.07554,2.26701,3.7608,0.4372,0.73174,-0.06529,3.56326,-18.588,1
464,4.37631,-0.29901,-2.93837,2.41354,3.35497,2.70316,1.58709,1.02877,3.80643,1.21512,3.48616,5.98382,0.03671,0.08416,2.02832,2.91377,47.561,1
465,2.79405,0.38595,-2.40451,-2.15299,-1.04397,-3.67496,-0.43633,0.15671,-0.24671,0.03619,1.71135,3.74525,-0.08919,0.1234,-1.28514,0.04022,-23.867,1
466,4.10777,0.0375,-3.14897,2.10369,3.36925,2.14789,2.24388,1.47144,4.32601,1.60344,4.16909,6.07351,-0.07473,-0.24639,1.24045,3.98936,87.496,1
467,3.45598,0.73664,-2.58676,0.40878,1.73262,-0.32937,0.34522,0.98849,2.61344,1.3621,3.40595,5.85802,0.64333,0.60612,1.44847,0.3345,17.737,1
468,3.30294,1.14316,-0.29129,-0.13079,1.04597,-0.86193,-0.6708,0.55459,1.20526,0.64251,2.11078,4.01125,0.48199,0.58642,-0.22116,3.95068,-13.473,1
469,4.4931,1.2832,-2.78101,2.62866,3.91962,2.48365,2.08451,2.17795,4.107,1.80333,4.59701,6.48023,0.3515,0.51205,2.87694,0.03107,64.422,1
470,2.91799,1.86201,-1.49109,-0.97897,0.10495,-1.28898,0.24263,1.77374,1.65257,0.88139,2.46474,4.57071,0.64534,0.8578,0.7405,2.54511,-24.455,1
471,3.32366,0.65109,-2.7752,-0.78805,0.36247,-1.27024,0.34846,0.82207,2.03166,-0.12293,3.02626,4.93618,-0.20908,-0.23417,0.56726,-0.38907,2.161,1
472,4.07638,1.11194,-0.61405,2.56043,3.46368,2.04784,2.18988,2.13775,3.82931,1.6125,3.63294,5.46295,0.77324,0.51485,1.63851,0.61143,61.452,1
473,4.11791,1.40767,-2.60376,-0.94531,0.13842,-2.18067,0.62865,0.03292,1.42638,0.09617,3.55512,5.14145,0.1252,-0.17235,0.71355,-0.88847,11.949,1
474,3.75344,0.06614,-3.0792,-0.62484,0.28637,-2.23549,-0.81726,0.89077,1.69292,0.61742,3.36882,4.81237,-0.12946,-0.18513,0.15772,2.56595,4.486,1
475,3.72016,1.163,-3.41575,1.97661,2.89411,1.03494,1.08545,2.04013,2.87014,1.48758,4.19003,6.15269,0.48595,0.49684,1.84042,2.42099,23.484,1
476,3.61908,1.09068,-2.33119,0.68344,1.97899,0.67332,2.01964,1.70839,2.27137,1.6986,3.74058,4.85704,0.81196,0.60399,1.82014,0.84902,38.09,1
477,4.05774,1.02137,-2.93272,0.35078,1.456,-1.19661,1.10678,0.8535,1.63271,1.08706,3.4556,5.27258,0.47475,0.50418,1.1242,3.11057,17.368,1
478,3.7351,1.55836,-1.7221,1.52015,2.43973,2.05034,1.94966,1.8114,3.47051,1.90831,4.94686,6.76918,0.00271,0.31259,1.15037,3.42471,36.107,1
479,3.88919,1.57582,-1.77587,-0.88328,0.1703,-0.93522,1.0239,1.4208,1.35825,2.14019,1.66581,3.17109,0.6809,0.80034,1.11735,1.95238,-7.228,1
480,3.16919,0.64431,-3.46961,-1.02661,-0.23118,-2.39987,0.60527,1.27516,2.0523,0.87166,3.42045,5.9981,0.58247,0.66236,0.46792,-0.75933,3.244,1
481,4.53298,0.3604,-2.05438,3.01536,3.90193,1.9308,1.76027,1.25567,2.82836,1.36497,3.97038,6.27432,0.3162,0.6963,2.14829,1.78643,73.23,1
482,4.64744,1.62358,-1.43968,1.57689,2.6653,2.15419,3.46528,2.6322,3.05407,2.31189,3.76762,5.47493,0.52533,0.87533,1.70973,1.81288,61.19,1
483,3.09607,1.20504,-2.91644,0.76858,1.39054,-0.00467,0.73729,1.43953,3.18999,1.72293,3.79966,5.27046,0.27788,0.26175,1.54172,1.49016,5.983,1
484,3.38839,0.92705,-1.88605,1.37574,2.49434,0.66978,0.48621,0.7692,3.01988,0.84666,3.2761,5.20105,0.38718,0.63507,1.87141,2.19424,16.817,1
485,3.40294,-0.07406,-2.45971,0.19617,1.09625,-1.21811,0.59053,0.84066,3.16082,1.35981,4.38392,5.65101,0.17905,0.29481,0.98353,1.05693,14.461,1
486,3.48069,1.22621,-1.9172,1.07561,2.16712,-0.06319,0.8827,0.69645,2.17409,0.42528,2.4502,4.30782,0.31064,0.31546,0.83921,1.0123,25.269,1
487,3.97839,2.41912,-1.3211,1.29154,2.69398,0.64431,1.50043,2.14647,3.15655,2.07909,2.93707,5.62637,0.86593,0.97113,2.00035,0.48972,29.993,1
488,2.9208,0.50004,-2.4245,3.43882,4.2489,3.03602,1.84207,1.1664,2.9587,1.0787,3.6312,6.16068,0.17624,0.2319,1.79094,2.80547,43.55,1
489,3.69567,0.74603,-2.69807,4.04055,4.66614,2.06737,0.83569,1.32959,4.23389,1.65534,4.12171,5.76988,0.51057,0.46652,2.44192,3.77009,61.745,1
490,3.03514,1.16811,-1.98905,-2.15794,-0.96212,-4.21636,-1.36752,0.71966,0.94621,0.20361,1.53065,3.70512,0.4717,0.65805,0.37846,-0.15078,-11.064,1
491,4.67852,0.32393,-2.67835,3.57364,5.09222,3.8579,1.86287,1.68808,4.11423,1.65748,4.3298,7.70989,0.18225,0.61532,2.85646,2.47999,92.215,1
492,2.99215,1.61281,-3.88881,1.02715,1.87967,1.15234,0.84283,1.5024,2.49081,1.56011,2.93934,5.07686,-0.03854,0.05763,1.19853,0.95921,45.319,1
493,3.84344,0.27542,-3.97139,1.14665,2.11792,1.41792,0.68053,1.0594,2.85696,0.75855,2.48362,4.80135,0.70837,0.52778,2.19612,2.82668,22.638,1
494,3.86586,-0.18447,-2.60443,2.12308,3.1994,1.55844,1.25141,1.30188,3.50208,1.12718,3.6349,5.69521,0.47761,0.58981,1.38142,3.54572,37.182,1
495,3.51685,0.09935,-3.493,0.5256,1.53448,-1.16307,-0.25009,1.64064,2.81429,1.75934,3.38675,4.86243,0.41242,0.50022,0.65463,0.91137,11.216,1
496,3.45361,1.04776,-2.08493,2.3524,3.41898,2.42097,2.75401,2.10062,4.19959,2.11356,3.30871,6.07641,1.00035,0.85164,2.56888,3.56529,57.75,1
497,4.39,0.89277,-2.05407,2.39305,3.75993,1.96687,2.36069,1.30547,4.15123,1.90785,4.03274,6.34792,0.07766,0.33687,2.21392,-1.37327,49.054,1
498,3.25446,2.2113,-1.6488,2.24966,3.04714,1.14583,3.19365,1.70905,2.45456,0.85317,3.34499,4.57479,0.2962,0.65717,1.12925,0.03643,30.803,1
499,2.6969,0.45376,-1.63655,-0.20331,0.78842,-1.70921,0.23057,1.17883,1.53112,0.82687,2.73373,4.52323,0.4016,0.54071,0.01544,1.45002,18.052,1
500,3.54187,0.49785,-2.92134,0.90272,1.76714,0.83315,2.12107,2.12047,2.11058,1.90686,3.70175,5.77581,0.66141,0.50459,1.37122,1.11129,42.02,1
