{"chunk_definitions":[{"chunk_id":"csetup_chunk","chunk_label":"setup","document_id":"40F99690","expansion_state":0,"options":{"engine":"r","include":false,"label":"setup"},"row":9,"row_count":1,"visible":true},{"chunk_id":"cr2i96w4on9w7","chunk_label":"niehs2","document_id":"40F99690","expansion_state":0,"options":{"engine":"r","label":"cars"},"row":31,"row_count":1,"visible":true},{"chunk_id":"c7pm7qr2qw11x","chunk_label":"pressure","document_id":"40F99690","expansion_state":0,"options":{"echo":false,"engine":"r","label":"pressure"},"row":39,"row_count":1,"visible":true}],"doc_write_time":1600367386}